,State,Year,Bicycle,Carpool,Drove alone,Public transportation,"Taxi, motorcycle, or other",Walked,Worked at home,Alternative Transportation
0,Alabama,2010,0.00118969,0.100058972,0.84472394,0.004080401,0.008120838,0.013245932,0.028580226,0.12669583299999998
1,Alabama,2011,0.001477519,0.099342949,0.848533795,0.004776084,0.008864092,0.010831046,0.026174515,0.12529169
2,Alabama,2012,0.001122882,0.094800038,0.852860887,0.004107931,0.009290032,0.011963536,0.025854694,0.121284419
3,Alabama,2013,0.000979023,0.08533986,0.86361079,0.004835628,0.009511446,0.010488957,0.025234295,0.111154914
4,Alabama,2014,0.0016967,0.085645498,0.858899905,0.004122692,0.009686534,0.011438031,0.02851064,0.11258945499999999
5,Alabama,2015,0.000871392,0.089849348,0.854974567,0.003015326,0.008596114,0.01100052,0.031692733,0.1133327
6,Alabama,2016,0.001027669,0.080385118,0.861186319,0.003084954,0.009285546,0.011628241,0.033402153,0.105411528
7,Alabama,2017,0.001008024,0.084985494,0.856648082,0.003543266,0.008524607,0.011556515,0.033734012,0.109617906
8,Alabama,2018,0.000701637,0.07867332,0.862994555,0.00337666,0.008888695,0.010839354,0.034525778,0.10247966600000001
9,Alabama,2019,0.00139455,0.086711383,0.851668352,0.004155065,0.009844322,0.012281036,0.033945292,0.114386356
10,Alabama,2020,,0.078360709,0.81369521,0.003474662,0.018706504,,0.085762915,0.100541875
11,Alabama,2021,0.001006655,0.076352935,0.805016928,0.002298683,0.009658347,0.009264458,0.096401993,0.09858107799999999
12,Alaska,2010,0.013225634,0.132128215,0.670063828,0.011746413,0.039257594,0.078820933,0.054757384,0.275178789
13,Alaska,2011,0.010201361,0.123987534,0.682232487,0.018562004,0.040920129,0.075713135,0.048383351,0.269384163
14,Alaska,2012,0.011061035,0.133139073,0.66171575,0.016114783,0.048296674,0.073865501,0.055807184,0.282477066
15,Alaska,2013,0.00995595,0.129866173,0.666819462,0.018416551,0.043750839,0.088228389,0.042962636,0.290217902
16,Alaska,2014,0.009133907,0.120322039,0.694524945,0.013092583,0.044208,0.079980847,0.038737678,0.266737376
17,Alaska,2015,0.011157474,0.125973972,0.679135165,0.015445845,0.044632652,0.079325208,0.044329684,0.276535151
18,Alaska,2016,0.009922713,0.121988732,0.690433402,0.012075391,0.037687016,0.07615131,0.051741436,0.257825162
19,Alaska,2017,0.007751607,0.118292426,0.693078495,0.016587813,0.045259934,0.073527821,0.045501904,0.261419601
20,Alaska,2018,0.012388753,0.122700146,0.679859202,0.012329665,0.042349108,0.077649879,0.052723247,0.267417551
21,Alaska,2019,0.006643588,0.119993368,0.699592065,0.00964235,0.050144221,0.070701036,0.043283373,0.257124563
22,Alaska,2020,,0.111065791,0.639187298,0.010842486,0.123918319,,0.114986106,0.245826596
23,Alaska,2021,0.008526156,0.110781865,0.661998412,0.008671554,0.039149943,0.067749787,0.103122283,0.23487930499999998
24,Arizona,2010,0.008506625,0.116392349,0.764840633,0.017861127,0.014865901,0.019982539,0.057550826,0.17760854099999998
25,Arizona,2011,0.011012903,0.116467509,0.758428158,0.019831603,0.017282327,0.021968829,0.055008671,0.186563171
26,Arizona,2012,0.009044766,0.110429331,0.76716799,0.020065435,0.018640272,0.020164634,0.054487572,0.178344438
27,Arizona,2013,0.009719904,0.110382795,0.762538887,0.023593086,0.018494793,0.020687244,0.054583291,0.18287782200000002
28,Arizona,2014,0.010862087,0.104437362,0.769272904,0.020347211,0.018036144,0.019955205,0.057089086,0.173638009
29,Arizona,2015,0.010265449,0.106169995,0.770593577,0.020583317,0.016408441,0.020911624,0.055067598,0.17433882599999997
30,Arizona,2016,0.008309213,0.109806635,0.764971134,0.018500854,0.016651503,0.018317422,0.06344324,0.17158562700000002
31,Arizona,2017,0.008188196,0.110036777,0.765407385,0.017981952,0.01564992,0.019901819,0.062833952,0.171758664
32,Arizona,2018,0.008061209,0.109816524,0.761437554,0.016921262,0.018722756,0.017412034,0.067628661,0.170933785
33,Arizona,2019,0.007690101,0.106487569,0.756369452,0.016792719,0.017807241,0.019061048,0.07579187,0.16783867800000002
34,Arizona,2020,,0.093300163,0.675934226,0.011310021,0.039329146,,0.180126443,0.14393933
35,Arizona,2021,0.004061053,0.088864222,0.65844538,0.009382705,0.016149399,0.015651866,0.207445375,0.134109245
36,Arkansas,2010,0.000608499,0.112846339,0.819992039,0.004941401,0.013926954,0.018108956,0.029575813,0.15043214900000001
37,Arkansas,2011,0.001762572,0.10296446,0.827446442,0.004335285,0.011390507,0.018733597,0.033367137,0.13918642099999998
38,Arkansas,2012,0.000781738,0.11181527,0.822269797,0.004661233,0.009611969,0.016259985,0.034600008,0.14313019500000002
39,Arkansas,2013,0.002092847,0.101428695,0.834147582,0.00474406,0.012785988,0.016523683,0.028277145,0.137575273
40,Arkansas,2014,0.002280595,0.108849988,0.82530804,0.00325845,0.009451265,0.017743027,0.033108635,0.14158332499999998
41,Arkansas,2015,0.001338878,0.107660011,0.826263397,0.004620646,0.011921442,0.017580157,0.030615469,0.14312113399999998
42,Arkansas,2016,0.001349059,0.101687906,0.831022035,0.003358414,0.010419228,0.020129924,0.032033434,0.136944531
43,Arkansas,2017,0.001824188,0.098632561,0.83348782,0.002955528,0.008274387,0.018032779,0.036792737,0.129719443
44,Arkansas,2018,0.001750759,0.104398417,0.826201437,0.003849671,0.01090958,0.015410983,0.037479153,0.13631941
45,Arkansas,2019,0.001508929,0.107092121,0.824055168,0.004028126,0.008838124,0.01930775,0.035169781,0.14077505
46,Arkansas,2020,,0.096472492,0.79509365,0.003268852,0.02624851,,0.078916497,0.125989854
47,Arkansas,2021,0.000938133,0.088090452,0.789156346,0.001892322,0.009044916,0.013482507,0.097395324,0.11344833
48,California,2010,0.010050325,0.115035699,0.731725233,0.051524686,0.012896795,0.026994107,0.051773155,0.21650161199999998
49,California,2011,0.011008803,0.110973675,0.732523769,0.051581763,0.012726313,0.027758344,0.053427333,0.214048898
50,California,2012,0.011205026,0.110845321,0.733913173,0.051794088,0.012725623,0.026866868,0.0526499,0.213436926
51,California,2013,0.011329677,0.109010636,0.732126773,0.053142801,0.014637424,0.027331738,0.05242095,0.215452276
52,California,2014,0.011579244,0.10508037,0.734816133,0.052995997,0.014464217,0.027109882,0.053954158,0.21122971000000001
53,California,2015,0.010904541,0.100391089,0.738994772,0.052376549,0.015424542,0.026898443,0.055010064,0.205995164
54,California,2016,0.010296759,0.103007862,0.735580287,0.050783311,0.015194611,0.026867789,0.058269382,0.206150332
55,California,2017,0.009062407,0.100284221,0.739142908,0.050193637,0.015825112,0.02583836,0.059653356,0.20120373700000002
56,California,2018,0.008566894,0.100070847,0.738332035,0.049369802,0.017258721,0.026393504,0.060008196,0.20165976800000002
57,California,2019,0.008577621,0.098304769,0.735062387,0.051835984,0.017158072,0.025613698,0.063447468,0.20149014399999998
58,California,2020,,0.088240514,0.646334452,0.032431092,0.043598477,,0.189395465,0.164270083
59,California,2021,0.005963669,0.084022432,0.636838236,0.020679928,0.017202113,0.021266862,0.21402676,0.149135004
60,Colorado,2010,0.011351665,0.100422058,0.754673815,0.029618607,0.010259042,0.029784581,0.063890232,0.18143595299999998
61,Colorado,2011,0.013540118,0.097576509,0.754563014,0.031093558,0.011433366,0.029255195,0.06253824,0.18289874600000003
62,Colorado,2012,0.015095362,0.096829872,0.744113443,0.032290935,0.01165869,0.033754229,0.06625747,0.189629088
63,Colorado,2013,0.013062319,0.097127718,0.74653265,0.033466373,0.011541279,0.029349476,0.068920186,0.184547165
64,Colorado,2014,0.013381695,0.096280024,0.756280397,0.032953528,0.009462554,0.02661383,0.065027973,0.17869163100000002
65,Colorado,2015,0.012302727,0.084112791,0.764749479,0.029527786,0.009771315,0.028412607,0.071123294,0.16412722600000001
66,Colorado,2016,0.010891863,0.089610118,0.750092785,0.029175561,0.010703625,0.030057685,0.079468363,0.170438852
67,Colorado,2017,0.010988307,0.085503596,0.748765664,0.032171357,0.011259871,0.026758084,0.084553121,0.166681215
68,Colorado,2018,0.012011628,0.085527799,0.749274436,0.027559621,0.010295247,0.02977546,0.085555809,0.165169755
69,Colorado,2019,0.011279009,0.085809527,0.741908984,0.031925427,0.010907448,0.026934413,0.091235192,0.16685582399999999
70,Colorado,2020,,0.071954543,0.65361796,0.018600181,0.046709135,,0.20911818,0.137263859
71,Colorado,2021,0.007751166,0.070631983,0.636725744,0.013222027,0.011592665,0.022602555,0.23747386,0.125800396
72,Connecticut,2010,0.002533353,0.079596842,0.796774806,0.044969659,0.008450368,0.028313124,0.039361848,0.163863346
73,Connecticut,2011,0.002968287,0.086952278,0.781334449,0.046769073,0.009621364,0.030021834,0.042332715,0.176332836
74,Connecticut,2012,0.003330971,0.082335788,0.785794917,0.047723663,0.009638812,0.029783172,0.041392678,0.172812406
75,Connecticut,2013,0.002978419,0.082885409,0.779452998,0.051341585,0.008570082,0.031498322,0.043273185,0.177273817
76,Connecticut,2014,0.003252484,0.080764917,0.781314361,0.047994811,0.009041475,0.031414054,0.046217897,0.172467741
77,Connecticut,2015,0.0023766,0.078337575,0.784492429,0.049357038,0.007773863,0.029792665,0.04786983,0.167637741
78,Connecticut,2016,0.002986101,0.081915542,0.777193132,0.049392247,0.008943178,0.027393699,0.0521761,0.170630767
79,Connecticut,2017,0.003083802,0.078548931,0.782796963,0.046940382,0.009526997,0.02782396,0.051278965,0.16592407200000003
80,Connecticut,2018,0.001809239,0.081482126,0.779123925,0.044418938,0.010272061,0.02627468,0.056619032,0.164257044
81,Connecticut,2019,0.00351121,0.075460669,0.783296507,0.045179755,0.008704816,0.028068523,0.05577852,0.160924973
82,Connecticut,2020,,0.065319118,0.677665505,0.033396776,0.042072423,,0.181546178,0.140788317
83,Connecticut,2021,0.001869311,0.073956699,0.666047124,0.024589454,0.013491086,0.025325935,0.19472039,0.139232485
84,Delaware,2010,0.001559236,0.094712457,0.803813446,0.029979408,0.011016127,0.022383701,0.036535625,0.15965092900000002
85,Delaware,2011,0.00222135,0.088832298,0.811262387,0.032737199,0.00765185,0.021100411,0.036194505,0.15254310799999998
86,Delaware,2012,0.003230754,0.080676396,0.814756698,0.02542174,0.009267972,0.022636608,0.044009832,0.14123347
87,Delaware,2013,0.004042102,0.090784385,0.803391399,0.03522437,0.007663939,0.02148075,0.037413055,0.159195546
88,Delaware,2014,0.002428893,0.076206511,0.815036134,0.02906161,0.010573504,0.022331553,0.044361795,0.140602071
89,Delaware,2015,0.003746745,0.078770034,0.813787023,0.027435327,0.007053762,0.021884343,0.047322766,0.13889021099999999
90,Delaware,2016,0.003023315,0.089827503,0.810043415,0.026768172,0.006982309,0.018592929,0.044762358,0.145194228
91,Delaware,2017,0.003635266,0.071219648,0.82047681,0.022280514,0.008584428,0.022206231,0.051597103,0.127926087
92,Delaware,2018,0.002787675,0.091162717,0.79584146,0.021550363,0.008122251,0.023679775,0.056855759,0.147302781
93,Delaware,2019,0.00231943,0.08544385,0.806614257,0.023545668,0.007801133,0.022642469,0.051633194,0.14175254999999998
94,Delaware,2020,,0.078082469,0.697300444,0.013883303,0.044254139,,0.166479645,0.136219911
95,Delaware,2021,0.003541721,0.062715875,0.704769591,0.016261215,0.014116445,0.013006779,0.185588375,0.109642035
96,District of Columbia,2010,0.031302554,0.059416885,0.347937597,0.383018162,0.010606066,0.117603643,0.050115093,0.60194731
97,District of Columbia,2011,0.031515543,0.064510872,0.331227734,0.3958918,0.010948465,0.117991793,0.047913794,0.620858473
98,District of Columbia,2012,0.041371423,0.056404706,0.340611327,0.385996327,0.0102777,0.11895089,0.046387628,0.6130010459999999
99,District of Columbia,2013,0.045400152,0.05305268,0.323117845,0.384883379,0.013360114,0.136336784,0.043849046,0.633033109
100,District of Columbia,2014,0.03885595,0.055867453,0.35133008,0.360596627,0.012691583,0.131069603,0.049588704,0.599081216
101,District of Columbia,2015,0.041094513,0.051531481,0.335984923,0.357769091,0.013441296,0.140067011,0.060111685,0.603903392
102,District of Columbia,2016,0.045960288,0.050684145,0.330316617,0.360158916,0.016098663,0.136701969,0.060079403,0.609603981
103,District of Columbia,2017,0.049613725,0.05193404,0.343787629,0.326716927,0.027372263,0.126871437,0.07370398,0.582508392
104,District of Columbia,2018,0.042762158,0.051161254,0.341962433,0.344254537,0.025477522,0.133050455,0.061331641,0.596705926
105,District of Columbia,2019,0.040240698,0.055172878,0.329627499,0.34152245,0.025578032,0.134254868,0.073603574,0.596768926
106,District of Columbia,2020,,0.03356395,0.271926653,0.205045172,0.140030588,,0.349433637,0.37863971
107,District of Columbia,2021,0.021195764,0.030483034,0.256145614,0.116184085,0.025669923,0.067397672,0.482923908,0.260930478
108,Florida,2010,0.006484384,0.096270329,0.799243959,0.020469427,0.014877876,0.016527385,0.04612664,0.154629401
109,Florida,2011,0.005801514,0.099062173,0.797170253,0.02097016,0.01569443,0.015240594,0.046060877,0.156768871
110,Florida,2012,0.006970447,0.097445105,0.793145172,0.021705208,0.015533162,0.015663901,0.049537005,0.157317823
111,Florida,2013,0.006971048,0.094193251,0.796402915,0.021009155,0.015378781,0.015264574,0.050780276,0.152816809
112,Florida,2014,0.007446195,0.090676792,0.797401711,0.020773086,0.015366903,0.014392634,0.053942678,0.14865561
113,Florida,2015,0.007091022,0.089493454,0.796822379,0.022031053,0.014804334,0.014205805,0.055551952,0.147625668
114,Florida,2016,0.006189586,0.091581082,0.791579295,0.020511445,0.015062343,0.015040309,0.06003594,0.148384765
115,Florida,2017,0.005745648,0.090905573,0.793572391,0.017359657,0.01685437,0.01415124,0.06141112,0.14501648800000003
116,Florida,2018,0.006151829,0.093620387,0.79059449,0.016511517,0.017425794,0.013596343,0.06209964,0.14730587
117,Florida,2019,0.005950449,0.091418123,0.781438335,0.015912636,0.019734265,0.015719282,0.06982691,0.148734755
118,Florida,2020,,0.085781304,0.721508724,0.012176146,0.036024778,,0.144509047,0.133982228
119,Florida,2021,0.004392221,0.084707817,0.704878159,0.009748974,0.016934687,0.012974629,0.166363514,0.128758328
120,Georgia,2010,0.002063611,0.103029511,0.793348703,0.022735176,0.015823366,0.01470244,0.048297193,0.15835410400000002
121,Georgia,2011,0.002804451,0.105439493,0.793759875,0.021511539,0.013406289,0.016468294,0.046610059,0.159630066
122,Georgia,2012,0.001964336,0.104311334,0.795998602,0.019694156,0.013324779,0.016887215,0.047819577,0.15618182000000003
123,Georgia,2013,0.002281147,0.103084803,0.795974052,0.020753098,0.014306045,0.015026578,0.048574278,0.155451671
124,Georgia,2014,0.002417291,0.101444132,0.795794406,0.021098315,0.01411719,0.015544222,0.049584444,0.15462115
125,Georgia,2015,0.001985405,0.099465824,0.796153356,0.023040922,0.013246494,0.0151847,0.050923299,0.152923345
126,Georgia,2016,0.002597069,0.096383733,0.793356511,0.021365209,0.014348703,0.015528373,0.056420403,0.150223087
127,Georgia,2017,0.00241585,0.098846627,0.787335123,0.021389078,0.016549223,0.015658072,0.057806026,0.15485885
128,Georgia,2018,0.002084428,0.094170329,0.793688079,0.020071842,0.015976591,0.014930799,0.059077933,0.147233989
129,Georgia,2019,0.002000692,0.092571524,0.783679841,0.019822378,0.017558289,0.014926129,0.069441147,0.146879012
130,Georgia,2020,,0.083445749,0.712385545,0.014537933,0.031845875,,0.157784898,0.129829557
131,Georgia,2021,0.001454013,0.08264913,0.700152728,0.007091626,0.01492712,0.011896253,0.18182913,0.118018142
132,Hawaii,2010,0.0086004,0.137743327,0.665891266,0.066232057,0.02523068,0.045095429,0.05120684,0.282901893
133,Hawaii,2011,0.008010005,0.142195667,0.67122213,0.059420486,0.024548428,0.049081472,0.045521812,0.28325605800000003
134,Hawaii,2012,0.011780325,0.152966712,0.652123129,0.06739265,0.024322933,0.047443519,0.043970732,0.303906139
135,Hawaii,2013,0.013499969,0.134587759,0.675649792,0.061225734,0.028864771,0.042125316,0.04404666,0.28030354900000004
136,Hawaii,2014,0.011043888,0.135288359,0.663505712,0.071883019,0.027176426,0.046598789,0.044503806,0.291990481
137,Hawaii,2015,0.009161401,0.135426449,0.673936111,0.069895051,0.024105068,0.041206445,0.046269474,0.279794414
138,Hawaii,2016,0.00731379,0.136203827,0.669436144,0.0674494,0.023168801,0.04712344,0.049304597,0.28125925799999996
139,Hawaii,2017,0.00934598,0.132573987,0.675680705,0.06145845,0.022875562,0.054533134,0.043532181,0.280787113
140,Hawaii,2018,0.006545777,0.147204369,0.672976866,0.05736142,0.025715251,0.036579178,0.053617139,0.273405995
141,Hawaii,2019,0.00580862,0.132559895,0.692725693,0.053659231,0.021963935,0.045582999,0.047699627,0.25957468
142,Hawaii,2020,,0.113395448,0.662050697,0.037711206,0.080449246,,0.106393404,0.2315559
143,Hawaii,2021,0.007251147,0.13914961,0.653451438,0.032949558,0.019790679,0.040143856,0.107263713,0.23928485000000002
144,Idaho,2010,0.0121124,0.099226442,0.777532796,0.008075929,0.010880858,0.032076812,0.060094762,0.162372441
145,Idaho,2011,0.00891663,0.098243424,0.774271066,0.006892555,0.015443602,0.034602467,0.061630257,0.16409867799999997
146,Idaho,2012,0.010288564,0.100645633,0.777781918,0.008491398,0.015189928,0.028819158,0.058783401,0.163434681
147,Idaho,2013,0.009694291,0.095562523,0.788177729,0.006944993,0.013726405,0.030824861,0.055069199,0.15675307300000002
148,Idaho,2014,0.011507591,0.097630452,0.789296723,0.008036137,0.009752267,0.02169379,0.062083041,0.148620237
149,Idaho,2015,0.008158811,0.107547717,0.77061304,0.008034987,0.012089899,0.032001154,0.061554392,0.167832568
150,Idaho,2016,0.011717941,0.095665982,0.792890107,0.005685047,0.009304252,0.026166882,0.05856979,0.14854010399999998
151,Idaho,2017,0.008286832,0.101877393,0.790711616,0.006277786,0.013416038,0.022574965,0.056855371,0.15243301399999998
152,Idaho,2018,0.007573097,0.089385707,0.797141178,0.007989699,0.011012897,0.02479601,0.062101412,0.14075741
153,Idaho,2019,0.007560673,0.092148458,0.782931825,0.007694132,0.008972714,0.026890734,0.073801464,0.14326671100000002
154,Idaho,2020,,0.081200333,0.723462248,0.00492763,0.048559405,,0.141850384,0.134687368
155,Idaho,2021,0.00754101,0.081979819,0.743577551,0.004792386,0.01073481,0.018825545,0.132548879,0.12387356999999999
156,Illinois,2010,0.00577058,0.086737887,0.737663653,0.085398433,0.010524182,0.03088409,0.043021176,0.21931517199999997
157,Illinois,2011,0.005980413,0.088260182,0.733084807,0.090000854,0.010447123,0.031274189,0.040952433,0.225962761
158,Illinois,2012,0.006933324,0.088849727,0.735883166,0.085422542,0.010261819,0.031478992,0.041170429,0.222946404
159,Illinois,2013,0.005520433,0.083483014,0.736225242,0.091345886,0.010008935,0.031404611,0.042011879,0.221762879
160,Illinois,2014,0.006159079,0.079782913,0.734466734,0.094014159,0.010980272,0.030847357,0.043749486,0.22178378
161,Illinois,2015,0.006616922,0.079189601,0.735876386,0.092972927,0.010881357,0.03041989,0.044042916,0.22008069700000002
162,Illinois,2016,0.006911432,0.076909298,0.731417472,0.09353778,0.011752991,0.030174993,0.049296034,0.219286494
163,Illinois,2017,0.006173555,0.07778421,0.730413836,0.095993243,0.012074962,0.028904662,0.048655533,0.22093063200000002
164,Illinois,2018,0.006310499,0.082521506,0.726815068,0.094034549,0.011172582,0.027689997,0.051455798,0.221729133
165,Illinois,2019,0.00569983,0.076114949,0.724185047,0.096499825,0.013044367,0.03019962,0.054256362,0.221558591
166,Illinois,2020,,0.06992301,0.659375217,0.061964216,0.041441914,,0.167295642,0.17332914
167,Illinois,2021,0.005227345,0.073638056,0.649458914,0.038303183,0.014722055,0.026092376,0.19255807,0.157983015
168,Indiana,2010,0.004065786,0.085312979,0.838454931,0.009733214,0.00766658,0.021859929,0.03290658,0.128638488
169,Indiana,2011,0.005098729,0.088264848,0.835519732,0.010540607,0.008552069,0.020553318,0.031470697,0.133009571
170,Indiana,2012,0.005423117,0.093581183,0.824255256,0.011275792,0.010408553,0.021776756,0.033279342,0.142465401
171,Indiana,2013,0.004832248,0.088145663,0.83033814,0.01184832,0.011777386,0.019898817,0.033159428,0.136502434
172,Indiana,2014,0.004466842,0.090131452,0.831530588,0.010742257,0.009535992,0.019865935,0.033726934,0.134742478
173,Indiana,2015,0.004708855,0.086245222,0.830813523,0.010850016,0.008909482,0.022838892,0.035634011,0.133552467
174,Indiana,2016,0.004123108,0.0852654,0.832302047,0.010119654,0.008856749,0.021337431,0.037995611,0.129702342
175,Indiana,2017,0.004369029,0.087410646,0.824315394,0.009309336,0.010792228,0.020970635,0.042832733,0.13285187399999998
176,Indiana,2018,0.003644699,0.089043477,0.828720557,0.009276471,0.011337244,0.019462857,0.038514694,0.132764748
177,Indiana,2019,0.004144733,0.094985856,0.816339424,0.009179946,0.009616511,0.022644362,0.043089169,0.14057140799999998
178,Indiana,2020,,0.088169726,0.759719014,0.006918014,0.031643294,,0.113549952,0.12673103400000002
179,Indiana,2021,0.003816463,0.077680244,0.765840387,0.005582215,0.008335786,0.020114866,0.11863004,0.115529574
180,Iowa,2010,0.005220304,0.097019565,0.793260246,0.010998841,0.009275916,0.035890745,0.048334385,0.158405371
181,Iowa,2011,0.004707685,0.089099691,0.805275806,0.010903746,0.00885822,0.035041618,0.046113236,0.14861096000000001
182,Iowa,2012,0.005099037,0.090445661,0.798968692,0.010867228,0.011219449,0.036396393,0.04700354,0.15402776799999998
183,Iowa,2013,0.005526304,0.085967245,0.808611652,0.010974418,0.010129835,0.037174606,0.04161594,0.149772408
184,Iowa,2014,0.004887775,0.086139444,0.808054383,0.010435473,0.009281725,0.033641383,0.047559818,0.1443858
185,Iowa,2015,0.005778409,0.086243704,0.80958746,0.013746263,0.00952993,0.034317398,0.040796836,0.14961570400000002
186,Iowa,2016,0.004651069,0.081656728,0.812459939,0.010776081,0.008813349,0.034385071,0.047257764,0.14028229799999997
187,Iowa,2017,0.005090457,0.079951224,0.814113812,0.008555248,0.009203136,0.031940552,0.051145572,0.134740617
188,Iowa,2018,0.003965456,0.081207513,0.815683695,0.010186817,0.007898812,0.029880659,0.051177048,0.133139257
189,Iowa,2019,0.00338551,0.08572304,0.801966251,0.011205338,0.008374119,0.031770689,0.057575054,0.140458696
190,Iowa,2020,,0.069610562,0.763232765,0.006036181,0.042011297,,0.119109195,0.11765804
191,Iowa,2021,0.003055811,0.074608878,0.744195345,0.004865495,0.010681799,0.028279314,0.134313359,0.12149129700000001
192,Kansas,2010,0.003804509,0.091494384,0.821266835,0.005223289,0.008350786,0.025791183,0.044069014,0.134664151
193,Kansas,2011,0.003899873,0.10049785,0.817499703,0.003716478,0.007978068,0.023327476,0.043080552,0.13941974499999998
194,Kansas,2012,0.002764653,0.097394428,0.821551331,0.005677657,0.009734978,0.022313825,0.040563128,0.13788554100000003
195,Kansas,2013,0.003829338,0.091061063,0.824263704,0.005084906,0.011106448,0.024765787,0.039888756,0.13584754200000002
196,Kansas,2014,0.003341555,0.095013953,0.821424842,0.004858218,0.010448841,0.024626686,0.040285905,0.138289253
197,Kansas,2015,0.00304544,0.088759807,0.826182866,0.006353273,0.010436256,0.023191602,0.042030756,0.131786378
198,Kansas,2016,0.004287193,0.088567041,0.822122308,0.00516236,0.010439392,0.02465171,0.044769998,0.133107696
199,Kansas,2017,0.003560305,0.087130003,0.8244151,0.004263282,0.010032445,0.023280694,0.047318171,0.128266729
200,Kansas,2018,0.002960327,0.093013643,0.820078779,0.004753112,0.009923054,0.021694656,0.047576429,0.132344792
201,Kansas,2019,0.0027486,0.084658946,0.827057134,0.004989606,0.007218873,0.022147637,0.051179205,0.121763662
202,Kansas,2020,,0.082626601,0.750808846,0.003774256,0.034462027,,0.128328271,0.120862884
203,Kansas,2021,0.002723156,0.078754693,0.74426182,0.002660201,0.011106673,0.022260912,0.138232543,0.117505635
204,Kentucky,2010,0.001780548,0.103431507,0.822162532,0.010898442,0.007756559,0.01741566,0.036554753,0.141282716
205,Kentucky,2011,0.002639297,0.094718259,0.830988917,0.011542578,0.009799792,0.021201049,0.029110108,0.13990097499999998
206,Kentucky,2012,0.002308119,0.097803549,0.827057978,0.010117254,0.009041215,0.023006958,0.030664928,0.14227709500000002
207,Kentucky,2013,0.002348024,0.095655057,0.82767604,0.010513876,0.009212633,0.022579709,0.032014661,0.140309299
208,Kentucky,2014,0.0026113,0.099545484,0.818539961,0.011449912,0.011553683,0.02421053,0.03208913,0.14937090900000002
209,Kentucky,2015,0.001964657,0.097270022,0.821368413,0.011443997,0.01175634,0.024730979,0.031465592,0.147165995
210,Kentucky,2016,0.00227903,0.092686106,0.82233959,0.010875418,0.013022436,0.021492528,0.037304892,0.140355518
211,Kentucky,2017,0.001829511,0.093669943,0.820070532,0.010524436,0.013444982,0.021027318,0.039433277,0.14049619
212,Kentucky,2018,0.001228016,0.093638643,0.823904633,0.009823111,0.011122375,0.019689988,0.040593234,0.135502133
213,Kentucky,2019,0.002416458,0.090405108,0.819541942,0.009877632,0.012075194,0.022673862,0.043009805,0.137448254
214,Kentucky,2020,,0.082142335,0.761790132,0.007141324,0.035046097,,0.113880112,0.124329756
215,Kentucky,2021,0.001507316,0.084245129,0.764215553,0.005348986,0.010043681,0.020133732,0.114505602,0.121278844
216,Louisiana,2010,0.003454651,0.106903194,0.816781373,0.014391014,0.016819879,0.019856349,0.021793541,0.16142508700000002
217,Louisiana,2011,0.00502555,0.101644838,0.820544613,0.013436137,0.016191436,0.021533658,0.021623768,0.157831619
218,Louisiana,2012,0.004327236,0.098791823,0.825316721,0.012471963,0.016673543,0.018536503,0.023882211,0.150801068
219,Louisiana,2013,0.005847502,0.096487316,0.826052931,0.01338818,0.017225541,0.017126268,0.023872262,0.150074807
220,Louisiana,2014,0.004919209,0.097823571,0.822318163,0.014498457,0.015537152,0.018553596,0.026349851,0.151331985
221,Louisiana,2015,0.005519439,0.089989004,0.828035059,0.014773114,0.013053439,0.02040326,0.028226685,0.143738256
222,Louisiana,2016,0.004957746,0.092543428,0.828709721,0.012746418,0.013548039,0.016585996,0.030908652,0.14038162699999998
223,Louisiana,2017,0.00597805,0.09224276,0.827094239,0.01069231,0.013755955,0.01684805,0.033388637,0.139517125
224,Louisiana,2018,0.00536114,0.090028029,0.827495676,0.011623994,0.013918903,0.018005205,0.033567054,0.138937271
225,Louisiana,2019,0.003671454,0.087776014,0.821204822,0.01175636,0.014977775,0.021254618,0.039358958,0.139436221
226,Louisiana,2020,,0.081700998,0.790812503,0.009546578,0.037930202,,0.080009719,0.129177778
227,Louisiana,2021,0.003504296,0.082876905,0.792795877,0.007489169,0.01499587,0.014286348,0.084051535,0.12315258800000001
228,Maine,2010,0.006658827,0.088715845,0.804621822,0.004886964,0.008722283,0.034854076,0.051540182,0.143837995
229,Maine,2011,0.003439916,0.09863259,0.788133794,0.006477374,0.011387692,0.037493662,0.054434973,0.157431234
230,Maine,2012,0.004390449,0.110362663,0.769070915,0.005693023,0.014428023,0.043464498,0.052590428,0.178338656
231,Maine,2013,0.004542485,0.106227083,0.77436023,0.006856642,0.011759919,0.039124499,0.057129143,0.168510628
232,Maine,2014,0.004953821,0.107422588,0.773153202,0.008159788,0.012753388,0.039456724,0.054100489,0.172746309
233,Maine,2015,0.003177891,0.08697709,0.796517522,0.006357354,0.011381943,0.038241567,0.057346634,0.14613584500000001
234,Maine,2016,0.00421605,0.089539478,0.792952663,0.006566921,0.008855723,0.040065669,0.057803495,0.149243841
235,Maine,2017,0.004875676,0.093689586,0.785550793,0.005804304,0.010061402,0.040785154,0.059233084,0.15521612199999998
236,Maine,2018,0.004622107,0.098845224,0.778350577,0.005987116,0.012046311,0.040628895,0.059519769,0.16212965299999998
237,Maine,2019,0.002711868,0.095314993,0.784797074,0.006371095,0.009859707,0.038064935,0.062880328,0.152322598
238,Maine,2020,,0.074281657,0.717919275,0.005614049,0.0424915,,0.159693519,0.122387206
239,Maine,2021,0.002878275,0.076895823,0.692471213,0.002576972,0.010161023,0.03757807,0.177438623,0.130090163
240,Maryland,2010,0.001992313,0.106789595,0.73024945,0.086247422,0.008866039,0.022794323,0.043060859,0.226689692
241,Maryland,2011,0.002603397,0.101099632,0.732543162,0.09196463,0.008142182,0.022840133,0.040806864,0.22664997399999998
242,Maryland,2012,0.003729817,0.098412121,0.733859167,0.088762297,0.008616074,0.02473371,0.041886814,0.224254019
243,Maryland,2013,0.00308594,0.090375994,0.740134189,0.091142643,0.009137002,0.023721319,0.042402913,0.217462898
244,Maryland,2014,0.003496198,0.092776766,0.738852386,0.09027176,0.009779489,0.023338614,0.041484788,0.219662827
245,Maryland,2015,0.00301238,0.08854819,0.737741984,0.090472368,0.010574818,0.025677369,0.04397289,0.21828512499999997
246,Maryland,2016,0.002869636,0.089973484,0.738166941,0.085041442,0.011942912,0.024580409,0.047425177,0.214407883
247,Maryland,2017,0.003860602,0.091042451,0.73744839,0.084732675,0.012597993,0.021426192,0.048891698,0.213659913
248,Maryland,2018,0.003436565,0.088276154,0.743465211,0.078999581,0.013018053,0.020958221,0.051846216,0.20468857399999998
249,Maryland,2019,0.0030886,0.086923526,0.738901857,0.080321826,0.013549506,0.022082436,0.055132249,0.205965894
250,Maryland,2020,,0.069119972,0.638231074,0.047582708,0.035773425,,0.209292821,0.152476105
251,Maryland,2021,0.002224846,0.069994358,0.622029416,0.029869484,0.018132938,0.017547814,0.240201144,0.13776944000000002
252,Massachusetts,2010,0.006261054,0.078222561,0.728185468,0.090536518,0.007711136,0.046744677,0.042338586,0.229475946
253,Massachusetts,2011,0.006913399,0.081829383,0.72183488,0.089426473,0.00883016,0.046260326,0.044905379,0.23325974100000002
254,Massachusetts,2012,0.008045661,0.078089251,0.719354612,0.094433804,0.00892418,0.049289334,0.041863157,0.23878222999999998
255,Massachusetts,2013,0.00798151,0.074433164,0.718071931,0.098861713,0.008658836,0.04765216,0.044340686,0.23758738299999999
256,Massachusetts,2014,0.008146314,0.074092417,0.712226274,0.097983385,0.010708932,0.048691499,0.048151179,0.239622547
257,Massachusetts,2015,0.007883114,0.074460519,0.701632498,0.105507834,0.012554557,0.050423412,0.047538067,0.25082943599999996
258,Massachusetts,2016,0.008612708,0.076222768,0.701041702,0.101174714,0.013468716,0.048097869,0.051381523,0.24757677499999997
259,Massachusetts,2017,0.009055725,0.07234456,0.700387701,0.104077033,0.013202154,0.048086775,0.052846051,0.246766247
260,Massachusetts,2018,0.008956534,0.074387898,0.697608238,0.102125168,0.013066717,0.050877137,0.052978309,0.24941345400000003
261,Massachusetts,2019,0.008866733,0.072843576,0.696233439,0.104249956,0.013452414,0.049916543,0.054437339,0.24932922200000002
262,Massachusetts,2020,,0.06050806,0.595354753,0.066088055,0.061698087,,0.216351045,0.18829420200000002
263,Massachusetts,2021,0.006352693,0.062941553,0.594840021,0.045049698,0.016697552,0.037016585,0.237101897,0.168058081
264,Michigan,2010,0.003771785,0.085903052,0.833319035,0.012744609,0.006943783,0.021788883,0.035528852,0.131152112
265,Michigan,2011,0.004591738,0.089955912,0.826418332,0.01432717,0.007590619,0.021918033,0.035198196,0.138383472
266,Michigan,2012,0.005079818,0.090006724,0.825420232,0.013098147,0.00782219,0.02184162,0.036731269,0.137848499
267,Michigan,2013,0.004634425,0.087742493,0.823795475,0.01530048,0.008449194,0.021594568,0.038483365,0.13772116
268,Michigan,2014,0.004237984,0.089338559,0.823091903,0.015322488,0.009150197,0.022306059,0.03655281,0.140355287
269,Michigan,2015,0.004419209,0.086816934,0.827834526,0.013316671,0.008502708,0.023177605,0.035932346,0.13623312699999998
270,Michigan,2016,0.004603803,0.088646193,0.82368923,0.014301327,0.007616097,0.020952502,0.040190848,0.136119922
271,Michigan,2017,0.004397403,0.08707341,0.824517623,0.012886113,0.007438858,0.021803271,0.041883321,0.13359905500000002
272,Michigan,2018,0.004203223,0.089297251,0.819921369,0.013632091,0.009146559,0.022708669,0.041090836,0.138987793
273,Michigan,2019,0.003450336,0.08877311,0.817767535,0.013998677,0.009247869,0.021668949,0.045093524,0.13713894100000001
274,Michigan,2020,,0.078490657,0.73600852,0.010961998,0.03414776,,0.140391065,0.123600415
275,Michigan,2021,0.003082071,0.072222966,0.724687142,0.008414163,0.009719238,0.017994652,0.163879768,0.11143309000000001
276,Minnesota,2010,0.006517373,0.085385854,0.781922148,0.034748381,0.009059643,0.028101573,0.054265029,0.163812824
277,Minnesota,2011,0.007100271,0.093056975,0.777315037,0.034460746,0.008724871,0.027325093,0.052017007,0.170667956
278,Minnesota,2012,0.008136482,0.089488877,0.78028358,0.03273479,0.007863232,0.028074935,0.053418104,0.16629831599999997
279,Minnesota,2013,0.007893278,0.085777607,0.783856583,0.035800068,0.008588036,0.02925773,0.048826698,0.167316719
280,Minnesota,2014,0.008866745,0.088149181,0.776997472,0.036550467,0.00907768,0.02912861,0.051229844,0.171772683
281,Minnesota,2015,0.008634035,0.083212426,0.781316902,0.036175425,0.008566576,0.027094694,0.054999942,0.163683156
282,Minnesota,2016,0.007039718,0.085876954,0.778295959,0.036243007,0.007981298,0.026195879,0.058367186,0.163336856
283,Minnesota,2017,0.007083748,0.081501088,0.780208205,0.036744041,0.009321806,0.026329677,0.058811436,0.16098036
284,Minnesota,2018,0.006388935,0.083987429,0.776912113,0.035491535,0.008865613,0.027556173,0.060798203,0.162289685
285,Minnesota,2019,0.006801645,0.082320319,0.776233782,0.034013295,0.009938864,0.026212322,0.064479772,0.159286445
286,Minnesota,2020,,0.065193551,0.685217333,0.021155483,0.037894892,,0.19053874,0.124243926
287,Minnesota,2021,0.004338165,0.07134968,0.664519477,0.013972151,0.011641797,0.025136668,0.209042062,0.126438461
288,Mississippi,2010,0.0007578,0.10008139,0.841467888,0.004383675,0.011706198,0.017361216,0.024241833,0.134290279
289,Mississippi,2011,0.000955592,0.106266693,0.837310385,0.004279542,0.011686243,0.016882706,0.022618839,0.140070776
290,Mississippi,2012,0.001289006,0.106779631,0.835213382,0.004468669,0.011253985,0.017038815,0.023956512,0.14083010599999998
291,Mississippi,2013,0.001347918,0.103302822,0.840464795,0.004461167,0.01583126,0.01530039,0.019291649,0.14024355700000002
292,Mississippi,2014,0.001073106,0.087347799,0.855272802,0.002657692,0.016180997,0.01409496,0.023372644,0.12135455400000002
293,Mississippi,2015,0.001571312,0.091791907,0.854214776,0.003211305,0.013347773,0.014826951,0.021035977,0.12474924800000001
294,Mississippi,2016,0.001016273,0.098226254,0.845747084,0.003044704,0.015717254,0.013791685,0.022456747,0.13179617
295,Mississippi,2017,0.000355576,0.09113619,0.85469439,0.003060261,0.014223053,0.013619726,0.022910804,0.122394806
296,Mississippi,2018,0.001409469,0.088809672,0.854775438,0.002503532,0.01242813,0.013710287,0.026363472,0.11886109
297,Mississippi,2019,0.000731214,0.089421855,0.848432263,0.002459243,0.016893224,0.010946343,0.031115858,0.12045187899999998
298,Mississippi,2020,,0.085679953,0.827862746,0.002305528,0.029366063,,0.054785711,0.117351544
299,Mississippi,2021,0.000493754,0.0779868,0.830434174,0.002346154,0.016032193,0.010194374,0.06251255,0.107053275
300,Missouri,2010,0.002603446,0.09268578,0.817485358,0.015631391,0.009424282,0.020535668,0.041634074,0.140880567
301,Missouri,2011,0.001813004,0.097250555,0.813925939,0.014222377,0.010331719,0.02037624,0.042080168,0.14399389499999998
302,Missouri,2012,0.002619707,0.097099231,0.813193991,0.012889706,0.010918434,0.019304203,0.043974728,0.142831281
303,Missouri,2013,0.003231331,0.092090937,0.816610906,0.016167829,0.010795016,0.019940298,0.041163683,0.14222541100000002
304,Missouri,2014,0.002635859,0.08868545,0.817660686,0.015618726,0.010596152,0.020790064,0.044013062,0.138326251
305,Missouri,2015,0.002077545,0.087092829,0.817981925,0.015599987,0.01052653,0.018864399,0.047856785,0.13416129
306,Missouri,2016,0.002363297,0.08663873,0.817397175,0.014320174,0.009211863,0.018347592,0.051721169,0.130881656
307,Missouri,2017,0.001721211,0.084243562,0.821569758,0.012803936,0.009769608,0.019380975,0.05051095,0.127919292
308,Missouri,2018,0.002207683,0.084307742,0.822384283,0.012854857,0.009959479,0.020430232,0.047855725,0.129759993
309,Missouri,2019,0.00240972,0.08391724,0.820730929,0.011463748,0.010078631,0.020782245,0.050617488,0.128651584
310,Missouri,2020,,0.076528678,0.75204261,0.008086744,0.032677537,,0.130664431,0.117292959
311,Missouri,2021,0.001381102,0.075810757,0.739296205,0.00767355,0.010337128,0.01843439,0.147066869,0.113636927
312,Montana,2010,0.010747895,0.097089827,0.756320884,0.008384358,0.010204304,0.051778197,0.065474534,0.178204581
313,Montana,2011,0.013466747,0.103971618,0.758099912,0.008765389,0.01063701,0.047538319,0.057521005,0.184379083
314,Montana,2012,0.015859491,0.107058925,0.744081094,0.009509803,0.009848537,0.048279083,0.065363066,0.190555839
315,Montana,2013,0.015180302,0.101006339,0.751392317,0.00683587,0.012903782,0.052763909,0.059917481,0.188690202
316,Montana,2014,0.011699847,0.104135393,0.747071966,0.010737318,0.008914656,0.046019124,0.071421696,0.181506338
317,Montana,2015,0.016271282,0.103974234,0.745117686,0.007796828,0.010544518,0.056158234,0.060137219,0.194745096
318,Montana,2016,0.012363216,0.091585719,0.759660777,0.00675383,0.009248233,0.056756751,0.063631473,0.176707749
319,Montana,2017,0.011098812,0.089187653,0.764817258,0.007858627,0.012302084,0.049377424,0.065358141,0.1698246
320,Montana,2018,0.011952772,0.094526551,0.748982082,0.007529489,0.009260338,0.054755855,0.072992913,0.178025005
321,Montana,2019,0.012074746,0.098955388,0.761739012,0.009247005,0.010939762,0.041759224,0.065284863,0.17297612499999998
322,Montana,2020,,0.088342842,0.703973332,0.006782496,0.06453066,,0.136370669,0.15965599800000002
323,Montana,2021,0.012232047,0.086840842,0.712509588,0.004093289,0.008253524,0.035632652,0.140438058,0.147052354
324,Nebraska,2010,0.004104646,0.097906978,0.813897406,0.005751062,0.007585238,0.027601626,0.043153045,0.14294955
325,Nebraska,2011,0.004588392,0.093425416,0.812513621,0.007073682,0.007928235,0.027812698,0.046657957,0.140828423
326,Nebraska,2012,0.006549176,0.100229855,0.802105032,0.006487909,0.00775021,0.028074838,0.04880298,0.149091988
327,Nebraska,2013,0.004655027,0.093141405,0.814842444,0.007892487,0.008261285,0.027424114,0.043783239,0.141374318
328,Nebraska,2014,0.004486191,0.095354038,0.817465452,0.006588221,0.007115279,0.028576862,0.040413957,0.14212059100000002
329,Nebraska,2015,0.004859318,0.089591943,0.819537887,0.007766901,0.010468119,0.028423879,0.039351954,0.14111015999999998
330,Nebraska,2016,0.005531679,0.089886441,0.820365692,0.005959719,0.009480531,0.024611812,0.044164125,0.135470182
331,Nebraska,2017,0.002777335,0.090785129,0.816999937,0.006890158,0.008150393,0.027362967,0.047034082,0.135965982
332,Nebraska,2018,0.003227465,0.087137493,0.820760619,0.005656936,0.007560156,0.024690156,0.050967175,0.128272206
333,Nebraska,2019,0.003100069,0.089624356,0.817877931,0.008148667,0.007345686,0.027526097,0.046377194,0.135744875
334,Nebraska,2020,,0.079602036,0.766439641,0.003801043,0.038108958,,0.112048321,0.121512037
335,Nebraska,2021,0.003050761,0.080103019,0.749704925,0.004216209,0.010705883,0.02399318,0.128226024,0.122069052
336,Nevada,2010,0.006202352,0.109796996,0.782636456,0.032848648,0.013710373,0.017832606,0.03697257,0.18039097499999998
337,Nevada,2011,0.003799231,0.111165475,0.785781125,0.034750331,0.016402908,0.02056385,0.02753708,0.18668179499999998
338,Nevada,2012,0.004088478,0.108816166,0.780305752,0.036212588,0.01675347,0.02294086,0.030882685,0.18881156200000002
339,Nevada,2013,0.004193298,0.105428503,0.783823354,0.033660299,0.015025114,0.022267718,0.035601715,0.180574932
340,Nevada,2014,0.004767364,0.104407624,0.775602505,0.042520201,0.019835362,0.020734127,0.032132817,0.192264678
341,Nevada,2015,0.004506505,0.105284611,0.777959191,0.037173723,0.016711179,0.021782708,0.036582083,0.185458726
342,Nevada,2016,0.00370644,0.1017339,0.787685709,0.033955301,0.013951142,0.016777801,0.042189705,0.17012458400000002
343,Nevada,2017,0.003571197,0.098022189,0.785072269,0.030843905,0.020120333,0.019390266,0.042979843,0.17194788999999996
344,Nevada,2018,0.002250541,0.104609159,0.782727816,0.029255632,0.021999372,0.017529129,0.041628352,0.17564383299999997
345,Nevada,2019,0.002487274,0.106200596,0.769742313,0.030649463,0.026218364,0.015934572,0.048767417,0.18149026899999998
346,Nevada,2020,,0.096356479,0.720855646,0.027366706,0.037773938,,0.117647231,0.161497123
347,Nevada,2021,0.001959589,0.102511959,0.704089307,0.019849196,0.028735653,0.013115867,0.12973843,0.16617226400000001
348,New Hampshire,2010,0.001570023,0.077154363,0.815833865,0.009135498,0.009432125,0.028178024,0.058696102,0.125470033
349,New Hampshire,2011,0.0017927,0.086258205,0.805987587,0.007473307,0.011121294,0.028096058,0.05927085,0.134741564
350,New Hampshire,2012,0.002731708,0.072337102,0.819228861,0.00667718,0.009702731,0.031018912,0.058303506,0.122467633
351,New Hampshire,2013,0.00218117,0.081357048,0.812097672,0.010032201,0.009109852,0.031032234,0.054189824,0.133712505
352,New Hampshire,2014,0.003055268,0.078127347,0.813939312,0.007450769,0.011363554,0.025891752,0.060171999,0.12588869
353,New Hampshire,2015,0.002865087,0.075167238,0.810808055,0.008901157,0.00957614,0.027447387,0.065234937,0.123957009
354,New Hampshire,2016,0.002824887,0.085728865,0.797403315,0.008994848,0.011344904,0.031198486,0.062504695,0.14009199
355,New Hampshire,2017,0.002737473,0.082949231,0.809133143,0.007242869,0.011609357,0.023878176,0.062449751,0.128417106
356,New Hampshire,2018,0.002586889,0.074379714,0.807700442,0.009007192,0.012047872,0.025668606,0.068609285,0.12369027299999999
357,New Hampshire,2019,0.003162006,0.078281428,0.803572638,0.00874771,0.008762919,0.024165082,0.073308216,0.123119145
358,New Hampshire,2020,,0.053797053,0.748754751,0.005875353,0.029623432,,0.161949411,0.089295838
359,New Hampshire,2021,0.000754301,0.069619398,0.699560378,0.003450962,0.011605052,0.021581468,0.193428442,0.10701118100000001
360,New Jersey,2010,0.003888626,0.083984069,0.72340955,0.108418829,0.015264203,0.029162231,0.035872492,0.240717958
361,New Jersey,2011,0.003053337,0.084796416,0.718458293,0.110341298,0.01385516,0.031083596,0.0384119,0.243129807
362,New Jersey,2012,0.003933241,0.082851108,0.720183718,0.105900469,0.015705983,0.030431633,0.040993848,0.23882243400000003
363,New Jersey,2013,0.003770264,0.079942904,0.720161074,0.111179117,0.01620052,0.028815353,0.039930768,0.23990815799999998
364,New Jersey,2014,0.00355664,0.07930534,0.717426858,0.109964805,0.016629108,0.031069622,0.042047627,0.240525515
365,New Jersey,2015,0.003091817,0.074743383,0.718309981,0.116078384,0.014247236,0.032678425,0.040850774,0.24083924499999998
366,New Jersey,2016,0.002869598,0.08424487,0.707914475,0.117718656,0.014667525,0.028546489,0.044038388,0.248047138
367,New Jersey,2017,0.002658517,0.079221227,0.709629057,0.118166247,0.015101593,0.029489063,0.045734297,0.244636647
368,New Jersey,2018,0.002568944,0.081913084,0.708529362,0.117028503,0.01768403,0.025620309,0.046655768,0.24481487
369,New Jersey,2019,0.002441952,0.078850428,0.709559757,0.115525845,0.017580423,0.026865539,0.049176056,0.24126418700000002
370,New Jersey,2020,,0.066456121,0.626265377,0.070638628,0.045433301,,0.191206573,0.18252805000000002
371,New Jersey,2021,0.002732327,0.071465915,0.598581011,0.058704938,0.023291378,0.023794487,0.221429944,0.17998904500000001
372,New Mexico,2010,0.006428046,0.10408889,0.797920413,0.011597291,0.009132138,0.022052336,0.048780886,0.153298701
373,New Mexico,2011,0.00794371,0.100121578,0.793127427,0.010699786,0.013359666,0.024432646,0.050315187,0.15655738600000002
374,New Mexico,2012,0.00521795,0.113228127,0.789093607,0.011368337,0.013026388,0.022663881,0.045401711,0.16550468299999999
375,New Mexico,2013,0.009487414,0.105150822,0.791851224,0.010957327,0.016271897,0.022582587,0.043698728,0.164450047
376,New Mexico,2014,0.008444177,0.095221614,0.803125079,0.01253103,0.012473727,0.020566062,0.047638312,0.14923661
377,New Mexico,2015,0.006071624,0.09049535,0.813588493,0.009221984,0.009603811,0.022833273,0.048185465,0.138226042
378,New Mexico,2016,0.007183707,0.094437212,0.799707048,0.014192007,0.010980012,0.022596727,0.050903288,0.14938966500000003
379,New Mexico,2017,0.006270685,0.106256606,0.794101356,0.010652317,0.011499333,0.020297217,0.050922485,0.154976158
380,New Mexico,2018,0.005715226,0.111548048,0.793280467,0.010894471,0.009639658,0.017926222,0.050995908,0.15572362499999998
381,New Mexico,2019,0.006695192,0.093547659,0.807310854,0.01053675,0.011193163,0.01995121,0.050765173,0.141923974
382,New Mexico,2020,,0.091748506,0.742509714,0.005656399,0.031667361,,0.12841802,0.129072266
383,New Mexico,2021,0.005857084,0.085174476,0.722052339,0.003658541,0.014656958,0.016270819,0.152329784,0.125617878
384,New York,2010,0.004726529,0.069044788,0.543509012,0.266947562,0.013789149,0.062197212,0.039785747,0.41670524000000003
385,New York,2011,0.005061987,0.067020216,0.539069029,0.270448095,0.013808838,0.065591468,0.039000366,0.421930604
386,New York,2012,0.005957383,0.068673254,0.536670839,0.272516937,0.013218192,0.063762694,0.0392007,0.42412846000000004
387,New York,2013,0.006872469,0.068982651,0.528136832,0.279439139,0.012941242,0.063699622,0.039928045,0.43193512300000003
388,New York,2014,0.006347096,0.065349523,0.531080626,0.282873497,0.012059351,0.06290079,0.039389118,0.42953025699999997
389,New York,2015,0.00664242,0.065874746,0.527174439,0.285671397,0.01214119,0.062863677,0.03963213,0.43319343000000005
390,New York,2016,0.007167259,0.065285614,0.526073187,0.283790004,0.012405994,0.062205183,0.043072759,0.430854054
391,New York,2017,0.007072047,0.062570643,0.531125049,0.280554495,0.013173336,0.06201409,0.043490339,0.425384611
392,New York,2018,0.007293688,0.062998192,0.530577477,0.28009704,0.01409601,0.059713079,0.045224514,0.424198009
393,New York,2019,0.007274792,0.062652009,0.527661899,0.277237226,0.015265118,0.061942516,0.04796644,0.424371661
394,New York,2020,,0.059743877,0.492223719,0.193936372,0.076945638,,0.177150394,0.33062588699999995
395,New York,2021,0.007623992,0.059260036,0.492346067,0.172588848,0.018833318,0.052928703,0.196419035,0.311234897
396,North Carolina,2010,0.002417977,0.100615842,0.818733797,0.010438979,0.009279389,0.018094651,0.040419365,0.140846838
397,North Carolina,2011,0.002217101,0.099387381,0.810340785,0.011727979,0.012004758,0.017192097,0.047129898,0.142529316
398,North Carolina,2012,0.00284998,0.105353587,0.805586168,0.011467231,0.010570397,0.019291309,0.044881328,0.149532504
399,North Carolina,2013,0.002136976,0.100300345,0.811114159,0.01129771,0.011327834,0.018552113,0.045270863,0.143614978
400,North Carolina,2014,0.002509814,0.096885244,0.813594884,0.011389515,0.010397415,0.018036315,0.047186812,0.139218303
401,North Carolina,2015,0.002258442,0.094199081,0.81399421,0.011117839,0.010631188,0.01751105,0.05028819,0.1357176
402,North Carolina,2016,0.001985082,0.091515446,0.813470843,0.010354288,0.011422164,0.01721766,0.054034517,0.13249464
403,North Carolina,2017,0.002156118,0.088500214,0.810942086,0.009691131,0.010362421,0.017332204,0.061015825,0.128042088
404,North Carolina,2018,0.001627331,0.093136374,0.806462813,0.009720563,0.010780891,0.017981117,0.060290911,0.133246276
405,North Carolina,2019,0.001573122,0.087366989,0.801723265,0.011261349,0.013178743,0.01781285,0.067083682,0.131193053
406,North Carolina,2020,,0.083013852,0.722957247,0.008607632,0.029974414,,0.155446855,0.12159589800000001
407,North Carolina,2021,0.001429509,0.0749546,0.704000784,0.005136167,0.012871719,0.013866258,0.187740962,0.108258253
408,North Dakota,2010,0.005900123,0.086439722,0.800243453,0.006867265,0.010727497,0.038321619,0.051500321,0.148256226
409,North Dakota,2011,0.006498779,0.095064609,0.791089012,0.003940951,0.00685877,0.039184851,0.057363028,0.15154795999999998
410,North Dakota,2012,0.003566815,0.097478777,0.795019748,0.003800705,0.006166179,0.038201071,0.055766706,0.149213547
411,North Dakota,2013,0.005107081,0.100962865,0.789712069,0.004333281,0.010946693,0.04530342,0.043634591,0.16665333999999998
412,North Dakota,2014,0.002861591,0.083482803,0.812550342,0.00665989,0.006922374,0.034876928,0.052646071,0.13480358599999998
413,North Dakota,2015,0.00217238,0.086034169,0.819511833,0.003703933,0.005356723,0.038429849,0.044791113,0.13569705399999998
414,North Dakota,2016,0.005807496,0.099476143,0.801683139,0.005270585,0.007157159,0.029389671,0.051215806,0.14710105399999998
415,North Dakota,2017,0.005089536,0.081785534,0.816226289,0.005274655,0.007066606,0.038245566,0.046311814,0.137461897
416,North Dakota,2018,0.002056731,0.087313233,0.821576108,0.007371624,0.010394014,0.033923515,0.037364776,0.141059117
417,North Dakota,2019,0.002513009,0.084894819,0.825497546,0.007077856,0.012387482,0.031640731,0.035988557,0.138513897
418,North Dakota,2020,,0.077981733,0.777734726,0.00335715,0.047591493,,0.093334897,0.128930376
419,North Dakota,2021,0.002339831,0.077199341,0.78548199,0.002664039,0.012681833,0.030412775,0.08922019,0.125297819
420,Ohio,2010,0.002971055,0.077501829,0.838107203,0.016711665,0.006627237,0.022581593,0.035499419,0.126393379
421,Ohio,2011,0.002967162,0.081805302,0.832886287,0.016538288,0.00859079,0.023028699,0.03418347,0.132930241
422,Ohio,2012,0.003050816,0.081445778,0.83273991,0.015611196,0.008845303,0.023844522,0.034462474,0.132797615
423,Ohio,2013,0.003307198,0.077877777,0.836317856,0.01686375,0.008375499,0.022405763,0.034852158,0.12882998699999998
424,Ohio,2014,0.003163734,0.078266025,0.835591821,0.017021955,0.007711039,0.02186511,0.036380316,0.128027863
425,Ohio,2015,0.002741462,0.077757141,0.832281167,0.017782989,0.008552737,0.023641649,0.037242854,0.130475978
426,Ohio,2016,0.003082792,0.074855656,0.830626003,0.015984232,0.008973172,0.023369099,0.043109046,0.12626495100000001
427,Ohio,2017,0.002894323,0.076624421,0.833412184,0.014563826,0.009136719,0.020881451,0.042487076,0.12410074
428,Ohio,2018,0.003121594,0.082284098,0.823665322,0.015823016,0.009020131,0.022042491,0.044043349,0.13229133
429,Ohio,2019,0.002600561,0.080149517,0.823805786,0.015015443,0.009778538,0.022764524,0.04588563,0.130308583
430,Ohio,2020,,0.066992544,0.755931253,0.0107551,0.033734422,,0.132586681,0.111482066
431,Ohio,2021,0.002510608,0.072404179,0.738684878,0.00811132,0.011449391,0.018360753,0.14847887,0.112836251
432,Oklahoma,2010,0.002446821,0.11162609,0.810312692,0.005253469,0.011395922,0.017514184,0.041450821,0.14823648599999997
433,Oklahoma,2011,0.002658715,0.108557167,0.819372077,0.005068625,0.011346413,0.018625425,0.034371578,0.146256345
434,Oklahoma,2012,0.002276082,0.103855667,0.822841898,0.004338168,0.01297646,0.020499597,0.033212129,0.143945974
435,Oklahoma,2013,0.002742479,0.097060405,0.833703145,0.005305923,0.01077151,0.016825862,0.033590676,0.132706179
436,Oklahoma,2014,0.002937522,0.104609195,0.82329506,0.004295488,0.011554601,0.017385559,0.035922576,0.140782365
437,Oklahoma,2015,0.002269793,0.102149895,0.824998304,0.003972857,0.011652449,0.017462867,0.037493836,0.137507861
438,Oklahoma,2016,0.002759197,0.094894504,0.825772237,0.005008416,0.011688424,0.017054749,0.042822475,0.13140529
439,Oklahoma,2017,0.002936933,0.098263461,0.822989585,0.003288288,0.010675902,0.019085481,0.04276035,0.134250065
440,Oklahoma,2018,0.002100425,0.095277053,0.825104276,0.004614972,0.011709042,0.019755702,0.04143853,0.133457194
441,Oklahoma,2019,0.002383739,0.094779785,0.826517654,0.004258715,0.013291065,0.01458284,0.044186201,0.129296144
442,Oklahoma,2020,,0.089757157,0.783690388,0.002817945,0.030033379,,0.093701131,0.122608481
443,Oklahoma,2021,0.00201077,0.086814882,0.771732188,0.001775138,0.016041065,0.017594663,0.104031293,0.12423651799999998
444,Oregon,2010,0.022468591,0.099992555,0.721652796,0.042197652,0.00962648,0.039141722,0.064920204,0.21342699999999998
445,Oregon,2011,0.022652313,0.102284397,0.71828712,0.043274581,0.010936567,0.038570849,0.063994173,0.217718707
446,Oregon,2012,0.024672498,0.104245422,0.712361357,0.041398171,0.0100601,0.045705862,0.06155659,0.226082053
447,Oregon,2013,0.024400848,0.102507392,0.715853305,0.042895244,0.010886638,0.040253924,0.063202648,0.220944046
448,Oregon,2014,0.025701012,0.107800983,0.704866759,0.046529254,0.011902976,0.039673778,0.063525238,0.231608003
449,Oregon,2015,0.025456241,0.102384294,0.712066493,0.048499054,0.01041362,0.037863659,0.063316639,0.22461686800000003
450,Oregon,2016,0.022494467,0.097207685,0.723615794,0.043556342,0.010813139,0.036160678,0.066151896,0.210232311
451,Oregon,2017,0.020376794,0.097153434,0.716808282,0.044596798,0.01033253,0.03715154,0.073580621,0.209611096
452,Oregon,2018,0.019618991,0.094809581,0.717487935,0.042272177,0.01206208,0.03910763,0.074641607,0.207870459
453,Oregon,2019,0.019466127,0.094704525,0.715303728,0.046686786,0.013162867,0.037795698,0.072880269,0.21181600299999997
454,Oregon,2020,,0.080152942,0.649608238,0.025338102,0.059797961,,0.185102757,0.165289005
455,Oregon,2021,0.010683776,0.078190336,0.625988153,0.016520057,0.011879153,0.030189484,0.226549041,0.147462806
456,Pennsylvania,2010,0.00394177,0.088212903,0.770056,0.054242981,0.008241042,0.038243507,0.037061797,0.192882203
457,Pennsylvania,2011,0.004109257,0.090754032,0.765615063,0.053043945,0.009004297,0.039022926,0.03845048,0.195934457
458,Pennsylvania,2012,0.004838184,0.089440148,0.765467853,0.054153965,0.008685464,0.038400697,0.039013688,0.195518458
459,Pennsylvania,2013,0.005327753,0.08348136,0.768166414,0.055799951,0.009413976,0.038994234,0.038816313,0.19301727400000002
460,Pennsylvania,2014,0.004833331,0.085308523,0.763973813,0.057415025,0.00876977,0.038648435,0.041051104,0.19497508400000002
461,Pennsylvania,2015,0.004962001,0.085490585,0.763457551,0.056649718,0.008386101,0.038888496,0.042165548,0.194376901
462,Pennsylvania,2016,0.005182898,0.083616973,0.761361847,0.055555044,0.009333399,0.036476861,0.048472977,0.190165175
463,Pennsylvania,2017,0.005652096,0.085065784,0.761947174,0.053378874,0.009079846,0.035309668,0.049566557,0.188486268
464,Pennsylvania,2018,0.004313883,0.084556347,0.755743275,0.057632469,0.011029493,0.035335706,0.051388828,0.192867898
465,Pennsylvania,2019,0.004501325,0.084192295,0.75196409,0.057222536,0.011687683,0.036455006,0.053977064,0.19405884499999998
466,Pennsylvania,2020,,0.069849602,0.677859889,0.037470663,0.051528079,,0.163291767,0.158848344
467,Pennsylvania,2021,0.003745352,0.070424776,0.668492026,0.027903566,0.013251012,0.029349406,0.186833862,0.144674112
468,Puerto Rico,2019,0.001497745,0.077274651,0.842691796,0.011858778,0.014367403,0.027974202,0.024335425,0.13297277899999999
469,Puerto Rico,2021,0.000874378,0.062528953,0.817096704,0.007497108,0.013064521,0.024731742,0.074206594,0.10869670199999999
470,Rhode Island,2010,0.007021009,0.081997883,0.803184663,0.027929865,0.008385626,0.038338458,0.033142495,0.16367284099999999
471,Rhode Island,2011,0.001987849,0.085788873,0.803075179,0.031184886,0.00887946,0.032100973,0.03698278,0.159942041
472,Rhode Island,2012,0.004331187,0.089406655,0.788113254,0.030570399,0.015119455,0.036402217,0.036056833,0.175829913
473,Rhode Island,2013,0.00525367,0.080293097,0.803380158,0.026555274,0.012767111,0.04058287,0.031167819,0.165452022
474,Rhode Island,2014,0.005195715,0.074210647,0.802994315,0.030123272,0.009799614,0.039471601,0.038204836,0.15880084900000002
475,Rhode Island,2015,0.003862125,0.096651191,0.789746638,0.029115987,0.010178042,0.037242337,0.03320368,0.17704968199999999
476,Rhode Island,2016,0.003051886,0.083527259,0.802597041,0.024432717,0.007647345,0.036130961,0.04261279,0.154790168
477,Rhode Island,2017,0.001989606,0.094415316,0.79364973,0.021929707,0.007188624,0.03553141,0.045295607,0.161054663
478,Rhode Island,2018,0.002872157,0.079389598,0.84159601,0.017588775,0.014782891,0.020942173,0.022828397,0.13557559400000002
479,Rhode Island,2019,0.002711672,0.081761768,0.796041629,0.030683245,0.010913737,0.032765422,0.045122528,0.158835844
480,Rhode Island,2020,,0.064932113,0.747948758,0.018985478,0.047031802,,0.12110185,0.130949393
481,Rhode Island,2021,0.002423615,0.075664806,0.693290789,0.011536557,0.015483372,0.026350246,0.175250615,0.131458596
482,South Carolina,2010,0.003647031,0.093341923,0.828784083,0.004993943,0.013101593,0.018949162,0.037182264,0.13403365199999998
483,South Carolina,2011,0.003118444,0.093115058,0.823454174,0.006577593,0.012983046,0.02306576,0.037685925,0.13885990099999998
484,South Carolina,2012,0.003735549,0.093161195,0.828839339,0.005178761,0.013457978,0.021517163,0.034110014,0.137050646
485,South Carolina,2013,0.003225753,0.089643109,0.829416682,0.007050554,0.012698165,0.024872829,0.033092907,0.13749041
486,South Carolina,2014,0.003182793,0.092977127,0.826974278,0.007206493,0.013360555,0.021961792,0.034336961,0.13868876
487,South Carolina,2015,0.002860107,0.092794543,0.829697293,0.005078369,0.011530857,0.020420216,0.037618616,0.132684092
488,South Carolina,2016,0.002495424,0.093012723,0.825346053,0.005528094,0.011816273,0.021005405,0.040796028,0.133857919
489,South Carolina,2017,0.002350509,0.094893838,0.818442646,0.004955008,0.011371561,0.021338215,0.046648224,0.134909131
490,South Carolina,2018,0.002673483,0.081410445,0.813015824,0.022409174,0.009087919,0.034434077,0.036969078,0.150015098
491,South Carolina,2019,0.002283738,0.086379166,0.820504534,0.005868168,0.01322575,0.020489182,0.051249461,0.128246004
492,South Carolina,2020,,0.080519475,0.77903832,0.003283102,0.031646621,,0.105512482,0.11544919799999999
493,South Carolina,2021,0.002341326,0.08110967,0.765949691,0.003175052,0.014210393,0.016210042,0.117003827,0.117046483
494,South Dakota,2010,0.004587883,0.100046572,0.781842684,0.005261698,0.012354089,0.043840048,0.052067025,0.16609029
495,South Dakota,2011,0.006772708,0.099598076,0.780027218,0.007077565,0.008492103,0.042675134,0.055357195,0.16461558599999998
496,South Dakota,2012,0.008208675,0.091471149,0.787424766,0.004828772,0.010916398,0.039456745,0.057693495,0.15488173900000002
497,South Dakota,2013,0.003636006,0.092028648,0.797451284,0.002940646,0.009882538,0.041651351,0.052409527,0.150139189
498,South Dakota,2014,0.00442616,0.09156804,0.791594198,0.005454112,0.009274514,0.042341069,0.055341909,0.153063895
499,South Dakota,2015,0.005600323,0.083823816,0.805532089,0.008018697,0.007860876,0.031211415,0.057952784,0.13651512700000001
500,South Dakota,2016,0.003996076,0.088845857,0.798826981,0.004900365,0.009842575,0.038314907,0.05527324,0.14589978
501,South Dakota,2017,0.003492401,0.078049664,0.812345317,0.006773975,0.006977927,0.033904248,0.058456469,0.129198215
502,South Dakota,2018,0.001964473,0.094355039,0.814476059,0.005533952,0.01307883,0.020672766,0.049918881,0.13560506
503,South Dakota,2019,0.003810399,0.089582306,0.797535734,0.003520381,0.012249943,0.032187611,0.061113627,0.14135064
504,South Dakota,2020,,0.072830584,0.772118383,0.00326416,0.049690303,,0.102096569,0.125785047
505,South Dakota,2021,0.00303407,0.077831088,0.760905374,0.0041898,0.011029923,0.032162942,0.110846802,0.12824782299999998
506,Tennessee,2010,0.001278182,0.100069981,0.836322048,0.007072036,0.008952133,0.012494503,0.033811117,0.129866835
507,Tennessee,2011,0.00133773,0.094324015,0.839857338,0.009489738,0.008294071,0.013976593,0.032720515,0.12742214699999999
508,Tennessee,2012,0.001492641,0.094407564,0.836013979,0.007505327,0.010969075,0.013026947,0.036584466,0.127401554
509,Tennessee,2013,0.001817355,0.091926234,0.83896704,0.007472798,0.010796274,0.01354275,0.035477549,0.125555411
510,Tennessee,2014,0.001464398,0.092411689,0.834094092,0.008568614,0.011601062,0.014914455,0.03694569,0.12896021800000002
511,Tennessee,2015,0.000895718,0.089582993,0.838989741,0.008332278,0.012245206,0.012244191,0.037709873,0.123300386
512,Tennessee,2016,0.001133611,0.085863852,0.83548036,0.006945971,0.010674002,0.013238219,0.046663984,0.117855655
513,Tennessee,2017,0.001422467,0.08780225,0.832090136,0.006412143,0.010129717,0.013390349,0.048752938,0.11915692599999998
514,Tennessee,2018,0.002783209,0.087931096,0.810547625,0.002455116,0.006244922,0.028443635,0.061594397,0.12785797799999998
515,Tennessee,2019,0.001233093,0.088957321,0.820091769,0.006168297,0.013081987,0.014063678,0.056403855,0.12350437600000001
516,Tennessee,2020,,0.079928097,0.771759636,0.006070644,0.021239815,,0.121001808,0.107238556
517,Tennessee,2021,0.000995681,0.07500975,0.758073593,0.003560789,0.011148436,0.011406042,0.139805709,0.102120698
518,Texas,2010,0.002366789,0.110950538,0.798149205,0.015144346,0.016068308,0.016653388,0.040667428,0.161183369
519,Texas,2011,0.002859708,0.110514874,0.797904622,0.015533048,0.014432353,0.016859563,0.041895831,0.160199546
520,Texas,2012,0.002750344,0.110333381,0.800520176,0.016306425,0.014682373,0.016153858,0.039253443,0.16022638099999997
521,Texas,2013,0.003121521,0.107093572,0.801635882,0.015743625,0.01523313,0.016037778,0.041134492,0.157229626
522,Texas,2014,0.002748298,0.105985991,0.803929419,0.016065218,0.015331915,0.015670462,0.040268697,0.155801884
523,Texas,2015,0.00244849,0.101694798,0.807993553,0.015070338,0.013518579,0.015556691,0.043717551,0.148288896
524,Texas,2016,0.002577401,0.100856276,0.805356507,0.014345971,0.012770992,0.015736016,0.048356837,0.146286656
525,Texas,2017,0.002537966,0.098467842,0.805810236,0.013542715,0.013525092,0.015360813,0.050755337,0.143434428
526,Texas,2018,0.001394197,0.089684524,0.830706226,0.006229592,0.011556771,0.012951938,0.047476752,0.121817022
527,Texas,2019,0.002266335,0.09703946,0.801430551,0.013279696,0.013448477,0.015411443,0.057124039,0.141445411
528,Texas,2020,,0.09103424,0.717630855,0.009661178,0.031771514,,0.149902213,0.132466932
529,Texas,2021,0.002151908,0.091291953,0.707233159,0.007536591,0.015895604,0.013203849,0.162686935,0.13007990499999997
530,Utah,2010,0.007145336,0.112326243,0.775648336,0.021286425,0.010619659,0.029161501,0.043812499,0.18053916400000003
531,Utah,2011,0.007743927,0.120498622,0.765393984,0.024480984,0.011404883,0.024040514,0.046437087,0.18816893
532,Utah,2012,0.009850682,0.122158791,0.756697253,0.025041584,0.012914465,0.025670072,0.047667153,0.19563559399999997
533,Utah,2013,0.008236908,0.118463402,0.760064953,0.023217695,0.013086963,0.025529903,0.051400175,0.188534871
534,Utah,2014,0.007483976,0.118400803,0.760428038,0.025259442,0.010016534,0.023608969,0.054802237,0.184769724
535,Utah,2015,0.00983027,0.112189663,0.758213218,0.026758147,0.009711988,0.027828416,0.055468298,0.186318484
536,Utah,2016,0.006567928,0.109657997,0.758387747,0.027311211,0.009891257,0.027474939,0.060708921,0.180903332
537,Utah,2017,0.006949036,0.107347171,0.760921139,0.023182512,0.009929501,0.023553136,0.068117505,0.170961356
538,Utah,2018,0.006849871,0.111338149,0.757495266,0.021703367,0.009556931,0.024188526,0.068867889,0.17363684399999998
539,Utah,2019,0.005406716,0.1036262,0.761168007,0.024698374,0.010331614,0.02047126,0.074297828,0.16453416399999998
540,Utah,2020,,0.091067939,0.675099359,0.01733973,0.033127348,,0.183365624,0.14153501699999999
541,Utah,2021,0.005733569,0.088333195,0.663414972,0.013312628,0.01013765,0.018705867,0.20036212,0.136222909
542,Vermont,2010,0.005937105,0.094723386,0.748809876,0.013267062,0.0078165,0.055170243,0.074275829,0.176914296
543,Vermont,2011,0.008097472,0.099349997,0.743303832,0.013787758,0.01059288,0.06298699,0.061881071,0.194815097
544,Vermont,2012,0.009788946,0.102004523,0.735215429,0.011859022,0.007445998,0.060941759,0.072744324,0.19204024800000002
545,Vermont,2013,0.009068218,0.097438832,0.753622359,0.011920319,0.007351234,0.052558783,0.068040254,0.17833738600000001
546,Vermont,2014,0.006056651,0.087419444,0.763223109,0.011303015,0.006189071,0.054342754,0.071465955,0.165310935
547,Vermont,2015,0.007569845,0.081982207,0.769367879,0.012714219,0.009186827,0.058095833,0.06108319,0.169548931
548,Vermont,2016,0.006317411,0.079739631,0.755580013,0.015452344,0.013725983,0.059384925,0.069799692,0.174620294
549,Vermont,2017,0.007147447,0.091672283,0.748591671,0.014990831,0.009304221,0.057279895,0.071013652,0.180394677
550,Vermont,2018,0.012863045,0.090035148,0.753705988,0.00855892,0.008037862,0.052167479,0.074631559,0.17166245400000002
551,Vermont,2019,0.00502773,0.085502249,0.761867601,0.01642186,0.007711242,0.053115033,0.070354285,0.167778114
552,Vermont,2020,,0.059528492,0.69482902,0.006045384,0.057413414,,0.182183689,0.12298729
553,Vermont,2021,0.005428319,0.073520173,0.671705651,0.005196548,0.008999421,0.03928212,0.195867769,0.132426581
554,Virginia,2010,0.00335212,0.099830041,0.771391186,0.043830055,0.011122506,0.027039031,0.043435061,0.185173753
555,Virginia,2011,0.003457414,0.091527996,0.780837644,0.045036515,0.010219535,0.023360851,0.045560045,0.17360231099999998
556,Virginia,2012,0.00384857,0.099133694,0.77314763,0.043992117,0.010385946,0.02216633,0.047325713,0.179526657
557,Virginia,2013,0.004682958,0.093738553,0.774484372,0.044046387,0.012942216,0.024744426,0.045361089,0.18015454000000003
558,Virginia,2014,0.004350134,0.093119986,0.777238048,0.047019443,0.012200161,0.022447597,0.043624631,0.17913732100000002
559,Virginia,2015,0.004106706,0.090963157,0.77508786,0.047241942,0.012777095,0.023465123,0.046358116,0.178554023
560,Virginia,2016,0.004098049,0.09474036,0.769178598,0.041353934,0.01418066,0.026129547,0.050318852,0.18050255
561,Virginia,2017,0.004107368,0.08656031,0.773753172,0.041773739,0.014035654,0.025882952,0.053886805,0.17236002300000003
562,Virginia,2018,0.004395388,0.091145139,0.76653838,0.045276314,0.014310065,0.022239675,0.056095039,0.17736658100000002
563,Virginia,2019,0.00349782,0.08992557,0.766325024,0.043532621,0.015962008,0.02317364,0.057583317,0.17609165899999998
564,Virginia,2020,,0.076602692,0.665580291,0.027253921,0.03620764,,0.194355456,0.140064253
565,Virginia,2021,0.002489425,0.070492105,0.655996765,0.014760141,0.013101853,0.020264697,0.222895014,0.121108221
566,Washington,2010,0.009151272,0.104831301,0.730339454,0.054923716,0.012491749,0.034775818,0.05348669,0.216173856
567,Washington,2011,0.008277593,0.101719572,0.732794752,0.056287891,0.011518701,0.034478294,0.054923197,0.21228205099999997
568,Washington,2012,0.009334193,0.107191538,0.722160259,0.058275125,0.012178806,0.03577316,0.05508692,0.222752822
569,Washington,2013,0.008361029,0.100689341,0.726990086,0.062754056,0.013186415,0.034877407,0.053141666,0.21986824800000002
570,Washington,2014,0.009883586,0.101412502,0.723516118,0.063420883,0.012219426,0.034912818,0.054634668,0.221849215
571,Washington,2015,0.009745932,0.098090298,0.724382332,0.062458747,0.012198063,0.036632161,0.056492467,0.21912520100000002
572,Washington,2016,0.008622738,0.098790221,0.720523636,0.063625533,0.012332772,0.037403831,0.058701268,0.22077509499999998
573,Washington,2017,0.006958648,0.101751017,0.7171977,0.065381849,0.011060941,0.03435587,0.063293975,0.219508325
574,Washington,2018,0.009061338,0.097595812,0.709665555,0.069701067,0.012027771,0.036727917,0.06522054,0.225113905
575,Washington,2019,0.008744804,0.099519107,0.709168066,0.071084731,0.011532356,0.034841986,0.06510895,0.225722984
576,Washington,2020,,0.079074184,0.628210313,0.035007677,0.049543719,,0.208164107,0.16362558
577,Washington,2021,0.00563471,0.070669004,0.619770637,0.021236278,0.012840236,0.027890028,0.241959109,0.138270256
578,West Virginia,2010,0.001279553,0.093991462,0.829375562,0.007117942,0.009161652,0.030973147,0.028100682,0.142523756
579,West Virginia,2011,0.000803321,0.105134947,0.821263873,0.009134004,0.005949509,0.027499342,0.030215005,0.148521123
580,West Virginia,2012,0.000888662,0.105617246,0.81679381,0.007300116,0.008744873,0.031799664,0.028855629,0.154350561
581,West Virginia,2013,0.000756583,0.107617534,0.815215037,0.0070055,0.010868271,0.027697172,0.030839902,0.15394506
582,West Virginia,2014,0.002643509,0.097312797,0.829667104,0.007387077,0.008691081,0.028961167,0.025337266,0.144995631
583,West Virginia,2015,0.001575449,0.086953148,0.827495951,0.010637399,0.013464062,0.027383992,0.032489999,0.14001405
584,West Virginia,2016,0.001105064,0.09245608,0.815659662,0.010857733,0.008345849,0.03173958,0.039836032,0.144504306
585,West Virginia,2017,0.001536523,0.089918918,0.827688881,0.009202286,0.009234589,0.029383551,0.033035252,0.139275867
586,West Virginia,2018,0.001464064,0.085737813,0.832559143,0.008506696,0.011235492,0.026276176,0.034220616,0.133220241
587,West Virginia,2019,0.001252137,0.090363202,0.81987298,0.007900092,0.012363993,0.029020829,0.039226768,0.140900253
588,West Virginia,2020,,0.068458825,0.793833946,0.006068028,0.039396983,,0.092242218,0.113923836
589,West Virginia,2021,0.001862013,0.088454812,0.771256569,0.00357416,0.0113276,0.021348821,0.102176025,0.12656740599999997
590,Wisconsin,2010,0.007522892,0.088048435,0.80513941,0.016690102,0.009323846,0.031447993,0.041827322,0.153033268
591,Wisconsin,2011,0.006883497,0.08908675,0.798361557,0.019630073,0.008865881,0.034014442,0.043157799,0.158480643
592,Wisconsin,2012,0.008734473,0.089373701,0.802065759,0.017994671,0.010028072,0.032733559,0.039069766,0.158864476
593,Wisconsin,2013,0.008319425,0.082066001,0.805216029,0.019801777,0.008554359,0.03540876,0.040633648,0.154150322
594,Wisconsin,2014,0.007927705,0.081654315,0.808791076,0.018979448,0.00966274,0.03223248,0.040752236,0.150456688
595,Wisconsin,2015,0.008183208,0.078865793,0.812343217,0.019134901,0.009002215,0.031603047,0.040867619,0.146789164
596,Wisconsin,2016,0.007031135,0.082198478,0.806919978,0.017426119,0.008973122,0.030303103,0.047148065,0.145931957
597,Wisconsin,2017,0.006296255,0.076339026,0.811193001,0.017505249,0.009205857,0.029961652,0.04949896,0.139308039
598,Wisconsin,2018,0.006581473,0.075151753,0.816929816,0.014992541,0.008773606,0.0292502,0.04832061,0.134749573
599,Wisconsin,2019,0.006167635,0.079926514,0.80755004,0.016928306,0.00885662,0.029604853,0.050966031,0.141483928
600,Wisconsin,2020,,0.066328152,0.746780073,0.011429029,0.03974567,,0.135717075,0.117502851
601,Wisconsin,2021,0.004766155,0.065796233,0.733539738,0.008591845,0.012089561,0.026746897,0.148469571,0.11799069099999998
602,Wyoming,2010,0.008574399,0.110581783,0.75946876,0.016983905,0.011904506,0.043567409,0.048919239,0.191612002
603,Wyoming,2011,0.009619754,0.108596257,0.777490754,0.015439845,0.013346011,0.034036172,0.041471207,0.18103803899999998
604,Wyoming,2012,0.011799678,0.115559208,0.757484088,0.015314402,0.012173883,0.032454361,0.055214381,0.187301532
605,Wyoming,2013,0.007830708,0.108313338,0.770565062,0.015314225,0.0152661,0.045664235,0.037046331,0.19238860600000002
606,Wyoming,2014,0.009402399,0.110303476,0.768019014,0.016147819,0.012454381,0.035678475,0.047994436,0.18398654999999997
607,Wyoming,2015,0.006169531,0.100147668,0.773100293,0.021970307,0.010699847,0.045942946,0.041969408,0.18493029900000002
608,Wyoming,2016,0.006139543,0.089983333,0.777555857,0.015197654,0.007099506,0.046081734,0.057942374,0.16450177
609,Wyoming,2017,0.010628885,0.102029411,0.779408551,0.005914489,0.012892941,0.036203407,0.052922316,0.167669133
610,Wyoming,2018,0.011339797,0.10151701,0.757981256,0.012288587,0.012088287,0.042614725,0.062170339,0.179848406
611,Wyoming,2019,0.010431759,0.115135709,0.769141884,0.011630195,0.006872225,0.029524453,0.057263774,0.17359434100000004
612,Wyoming,2020,,0.085414209,0.764088077,0.00558508,0.056464153,,0.088448481,0.147463442
613,Wyoming,2021,0.007509837,0.092258169,0.758941289,0.007939978,0.010295175,0.033565092,0.089490459,0.15156825100000001
