Mode,State,Year,Total,Total,Air,Air,Highway,Highway,Transit,Transit,Water,Water
Type,,,Expenditure,Revenue,Expenditure,Revenue,Expenditure,Revenue,Expenditure,Revenue,Expenditure,Revenue
0,Alabama,2004,31268214.0,31898043.0,103465.0,76387.0,2610892.0,799551.0,42112.0,12956.0,59270.0,78119.0
1,Alabama,2005,31752413.0,33376997.0,117439.0,76786.0,2891777.0,851880.0,53673.0,6840.0,69998.0,87289.0
2,Alabama,2006,33777872.0,35746030.0,108866.0,85735.0,3117224.0,908548.0,53679.0,6169.0,99926.0,88473.0
3,Alabama,2007,35780780.0,40652798.0,141235.0,81517.0,3113556.0,896611.0,62958.0,6815.0,181571.0,110031.0
4,Alabama,2008,37855331.0,30966318.0,146693.0,91052.0,3021923.0,879950.0,74073.0,5181.0,176795.0,125295.0
5,Alabama,2009,41171406.0,33896509.0,232744.0,94737.0,3577298.0,863220.0,62866.0,5852.0,263871.0,103420.0
6,Alabama,2010,42255101.0,42188979.0,241908.0,94645.0,3194874.0,875559.0,65662.0,5771.0,132976.0,106460.0
7,Alabama,2011,42380444.0,41381661.0,187434.0,99174.0,3336325.0,863508.0,67325.0,5611.0,112157.0,121533.0
8,Alabama,2012,44777598.0,44473033.0,190036.0,104107.0,3381490.0,865512.0,64059.0,4041.0,122808.0,144686.0
9,Alabama,2013,46678459.0,46031370.0,195534.0,104694.0,3514481.0,875572.0,60776.0,4554.0,139837.0,147508.0
10,Alabama,2014,46627962.0,44391144.0,164291.0,108185.0,3417147.0,847795.0,60617.0,4659.0,175274.0,162318.0
11,Alabama,2015,47322321.0,43614708.0,121337.0,109911.0,3600401.0,894700.0,61601.0,4855.0,129975.0,289772.0
12,Alabama,2016,47285873.0,46651306.0,111014.0,111759.0,3660789.0,928747.0,67286.0,4543.0,115226.0,119690.0
13,Alabama,2017,46961537.0,49971701.0,137938.0,121591.0,3713553.0,948919.0,72087.0,5229.0,91218.0,125872.0
14,Alabama,2018,48238993.0,51536325.0,120654.0,124520.0,4391237.0,1013944.0,73341.0,5499.0,92201.0,134936.0
15,Alabama,2019,50276684.0,53171724.0,169091.0,131838.0,4045705.0,997531.0,72438.0,5358.0,155826.0,158449.0
16,Alabama,2020,52646924.0,55343113.0,220896.0,130237.0,4003291.0,1172247.0,81056.0,5183.0,159899.0,139822.0
17,Alaska,2004,10016276.0,11031362.0,271598.0,85880.0,1363897.0,154587.0,26806.0,4588.0,43663.0,37395.0
18,Alaska,2005,10026883.0,11404052.0,73418.0,106897.0,1884119.0,173984.0,35349.0,5007.0,51443.0,42967.0
19,Alaska,2006,10797128.0,13246588.0,77221.0,113705.0,1999602.0,181579.0,40484.0,7395.0,62977.0,48340.0
20,Alaska,2007,11658984.0,15542480.0,98541.0,123296.0,2153882.0,179476.0,47054.0,5260.0,93696.0,50632.0
21,Alaska,2008,12903682.0,19086790.0,100309.0,130896.0,2363671.0,186394.0,48277.0,6142.0,115620.0,56626.0
22,Alaska,2009,14546360.0,12599251.0,99714.0,107903.0,2686385.0,150259.0,59249.0,5487.0,220919.0,61512.0
23,Alaska,2010,14450380.0,15643406.0,100560.0,114837.0,2724496.0,176091.0,50625.0,6424.0,148209.0,60867.0
24,Alaska,2011,14580270.0,18353715.0,112708.0,119670.0,2568672.0,186443.0,61339.0,5890.0,110472.0,57923.0
25,Alaska,2012,14635366.0,18197986.0,361565.0,115414.0,1805566.0,190474.0,60318.0,6863.0,99593.0,56975.0
26,Alaska,2013,15488434.0,17583374.0,309963.0,116987.0,2013078.0,204969.0,54529.0,7775.0,143625.0,69608.0
27,Alaska,2014,16465540.0,16294653.0,259941.0,137689.0,2392945.0,202683.0,58492.0,7831.0,153351.0,69089.0
28,Alaska,2015,16856025.0,11931622.0,328665.0,156295.0,2410166.0,180390.0,47726.0,7718.0,169256.0,72226.0
29,Alaska,2016,15839199.0,11497088.0,296850.0,160823.0,2482448.0,200821.0,53694.0,7242.0,170528.0,76338.0
30,Alaska,2017,14939769.0,14321897.0,376461.0,192599.0,2131721.0,196868.0,50601.0,6487.0,148143.0,80954.0
31,Alaska,2018,16461035.0,13787654.0,403435.0,203521.0,2265047.0,189883.0,54424.0,5939.0,128089.0,74852.0
32,Alaska,2019,14934777.0,13884789.0,398376.0,198123.0,2010865.0,201943.0,50744.0,5743.0,139117.0,78260.0
33,Alaska,2020,15076507.0,14035106.0,316311.0,191591.0,2171353.0,180065.0,54972.0,5396.0,185239.0,85825.0
34,Arizona,2004,36076186.0,38387677.0,627083.0,287629.0,3290471.0,851001.0,433429.0,32614.0,0.0,0.0
35,Arizona,2005,39457745.0,41056844.0,632627.0,302210.0,3209331.0,906876.0,380380.0,38552.0,,
36,Arizona,2006,42818119.0,46860817.0,404323.0,334206.0,3835481.0,992733.0,706360.0,41140.0,,
37,Arizona,2007,47132004.0,51243463.0,576589.0,466876.0,4234541.0,1029671.0,845370.0,68683.0,0.0,0.0
38,Arizona,2008,52383683.0,47110986.0,548399.0,477143.0,4799416.0,1003259.0,951239.0,73124.0,0.0,0.0
39,Arizona,2009,53906003.0,42569515.0,553126.0,433335.0,4917472.0,1059621.0,1040435.0,99209.0,0.0,0.0
40,Arizona,2010,53431950.0,54098791.0,591838.0,439787.0,4366115.0,1027777.0,823173.0,104441.0,0.0,0.0
41,Arizona,2011,52572172.0,58588756.0,629611.0,451969.0,3991635.0,1017249.0,652646.0,112342.0,0.0,0.0
42,Arizona,2012,51103967.0,51485552.0,576527.0,444411.0,3731347.0,1090619.0,719627.0,134829.0,0.0,0.0
43,Arizona,2013,52177678.0,57888262.0,521514.0,442666.0,3600716.0,1003478.0,846494.0,116113.0,0.0,0.0
44,Arizona,2014,53732114.0,59764108.0,514780.0,463213.0,3163745.0,1011504.0,903151.0,117281.0,0.0,0.0
45,Arizona,2015,51738519.0,56825852.0,482942.0,482887.0,3410729.0,1001662.0,832877.0,115185.0,0.0,0.0
46,Arizona,2016,56101988.0,59058409.0,519142.0,482654.0,3801960.0,1166111.0,752476.0,105667.0,0.0,0.0
47,Arizona,2017,60084606.0,66789025.0,529059.0,488679.0,3953216.0,1116587.0,761110.0,103456.0,0.0,0.0
48,Arizona,2018,62755470.0,68945106.0,687539.0,452138.0,4178752.0,1136540.0,978693.0,100787.0,0.0,0.0
49,Arizona,2019,66574868.0,71245982.0,769380.0,470286.0,4513684.0,1189034.0,993631.0,98986.0,0.0,0.0
50,Arizona,2020,71488388.0,73442489.0,833000.0,419478.0,4792724.0,1170155.0,1032701.0,84502.0,0.0,0.0
51,Arkansas,2004,16350803.0,18026873.0,43506.0,36320.0,2066918.0,707591.0,27926.0,2513.0,3003.0,1195.0
52,Arkansas,2005,16681802.0,18865934.0,70591.0,38571.0,1739620.0,634135.0,29512.0,2303.0,2537.0,1332.0
53,Arkansas,2006,17905845.0,20797101.0,88659.0,43334.0,1749513.0,636508.0,20482.0,2845.0,2256.0,2135.0
54,Arkansas,2007,19079469.0,22486761.0,83283.0,49709.0,1769374.0,621012.0,29000.0,3116.0,4905.0,1693.0
55,Arkansas,2008,20186892.0,19614726.0,88398.0,53335.0,1848827.0,640285.0,25464.0,3029.0,6266.0,1736.0
56,Arkansas,2009,20677126.0,16976457.0,93308.0,61009.0,1874589.0,632404.0,27848.0,3486.0,4940.0,1517.0
57,Arkansas,2010,22798461.0,24539102.0,100946.0,56660.0,1928916.0,629573.0,27948.0,3354.0,4560.0,2190.0
58,Arkansas,2011,23768135.0,27695373.0,112436.0,64192.0,2106819.0,641460.0,38099.0,4040.0,7302.0,2647.0
59,Arkansas,2012,23966965.0,23193532.0,107564.0,67686.0,2212618.0,630697.0,27584.0,3357.0,4106.0,3295.0
60,Arkansas,2013,24024061.0,26893348.0,118918.0,70711.0,2372129.0,616755.0,27334.0,3466.0,3073.0,3538.0
61,Arkansas,2014,24998998.0,28400573.0,135335.0,72614.0,2551285.0,618345.0,29274.0,3468.0,3137.0,4374.0
62,Arkansas,2015,26098283.0,26844680.0,110065.0,75305.0,2598707.0,633526.0,30149.0,3616.0,5165.0,3810.0
63,Arkansas,2016,26782688.0,26682770.0,105224.0,75146.0,2691936.0,655137.0,41515.0,3581.0,2901.0,4207.0
64,Arkansas,2017,27688857.0,31474908.0,111718.0,77479.0,3328380.0,659197.0,29864.0,3497.0,3222.0,2871.0
65,Arkansas,2018,27659935.0,31613160.0,131890.0,81075.0,3236633.0,670153.0,35064.0,3448.0,3777.0,3062.0
66,Arkansas,2019,28820946.0,30677927.0,118435.0,82816.0,2644890.0,677065.0,30901.0,3206.0,4848.0,4396.0
67,Arkansas,2020,28980661.0,34422618.0,110074.0,80830.0,2892690.0,726067.0,37261.0,3080.0,4926.0,4464.0
68,California,2004,328478435.0,358260676.0,2233429.0,1715730.0,16654699.0,6333654.0,7714084.0,1448627.0,989431.0,983966.0
69,California,2005,342546160.0,381059228.0,2179728.0,1719186.0,18305404.0,6853229.0,7265207.0,1366948.0,883137.0,1087913.0
70,California,2006,363314311.0,410423098.0,2201644.0,1798966.0,24338328.0,7066200.0,7580734.0,1493098.0,915524.0,1189427.0
71,California,2007,390080247.0,471995370.0,2646004.0,2096261.0,20946794.0,6875874.0,8518945.0,1634188.0,991998.0,1281328.0
72,California,2008,412952032.0,352118411.0,2857973.0,2334694.0,23385051.0,6995590.0,8941786.0,1825809.0,1064712.0,1300483.0
73,California,2009,429363536.0,235012700.0,3319710.0,2274121.0,22194210.0,7079452.0,9661311.0,1904640.0,1131014.0,1319480.0
74,California,2010,432362533.0,453354349.0,3714791.0,2354048.0,25213143.0,7209067.0,9844791.0,1896063.0,1384623.0,1300760.0
75,California,2011,456361143.0,521092241.0,3456077.0,2498797.0,21205050.0,9818960.0,10282767.0,1945539.0,1207035.0,1323389.0
76,California,2012,449292120.0,399990808.0,3519019.0,2737204.0,26153245.0,10240022.0,10519772.0,1987384.0,1244778.0,1288840.0
77,California,2013,456010824.0,493823235.0,3810632.0,2876493.0,26980244.0,10468532.0,11630757.0,2075064.0,1413105.0,1296266.0
78,California,2014,474923992.0,542501678.0,3230091.0,3078840.0,24613277.0,11283202.0,13511033.0,2172146.0,2065281.0,1340858.0
79,California,2015,514882148.0,503676113.0,3197818.0,3186088.0,23283918.0,11101435.0,14655585.0,2292482.0,1895948.0,1372124.0
80,California,2016,550055846.0,511974138.0,3780712.0,3542889.0,24101100.0,10614844.0,13567971.0,2249903.0,1471559.0,1377859.0
81,California,2017,569430129.0,619470746.0,4653418.0,3933049.0,22440393.0,10881713.0,15003450.0,2310641.0,1479848.0,1500847.0
82,California,2018,605649479.0,658759284.0,5236591.0,4135377.0,25402509.0,12560575.0,14778680.0,2241127.0,1395968.0,1549341.0
83,California,2019,644170159.0,664585834.0,6114248.0,4358838.0,27891089.0,13990928.0,16701171.0,2254747.0,1533072.0,1612264.0
84,California,2020,678462621.0,651904381.0,5302685.0,4128466.0,32533736.0,14633838.0,16823032.0,2391684.0,1085592.0,1522125.0
85,Colorado,2004,34376676.0,38693384.0,418129.0,568778.0,3917908.0,915823.0,491364.0,70449.0,0.0,0.0
86,Colorado,2005,35062805.0,38915310.0,458673.0,593288.0,3417178.0,966371.0,574946.0,74449.0,0.0,0.0
87,Colorado,2006,37111809.0,41205216.0,468853.0,633275.0,3054127.0,971946.0,656023.0,75547.0,0.0,0.0
88,Colorado,2007,40319496.0,46349666.0,703922.0,559073.0,3163931.0,1134413.0,695532.0,106020.0,3203.0,591.0
89,Colorado,2008,42763993.0,47160741.0,576987.0,592433.0,3456815.0,1107289.0,591370.0,118071.0,0.0,615.0
90,Colorado,2009,45694301.0,29224089.0,646866.0,649401.0,3807950.0,1150465.0,766038.0,139657.0,0.0,0.0
91,Colorado,2010,48630069.0,49259855.0,706081.0,748337.0,3806235.0,1198298.0,777399.0,136455.0,0.0,0.0
92,Colorado,2011,49612088.0,51852572.0,662038.0,687265.0,3614004.0,1244513.0,747086.0,137155.0,0.0,0.0
93,Colorado,2012,49719340.0,47354294.0,572882.0,786237.0,3721727.0,1301748.0,1145692.0,139904.0,0.0,0.0
94,Colorado,2013,50450874.0,54734901.0,653651.0,806238.0,3735726.0,1326362.0,1345406.0,144221.0,0.0,0.0
95,Colorado,2014,53650912.0,57093755.0,750806.0,731356.0,4052645.0,1387027.0,1467795.0,148096.0,0.0,0.0
96,Colorado,2015,55219433.0,55340011.0,766682.0,778216.0,4350911.0,1544546.0,1598644.0,150111.0,0.0,0.0
97,Colorado,2016,57851779.0,55105506.0,765390.0,796430.0,4354391.0,1563540.0,1610107.0,150116.0,0.0,0.0
98,Colorado,2017,60919223.0,61732970.0,829616.0,953253.0,4939510.0,1587271.0,1439796.0,162111.0,0.0,0.0
99,Colorado,2018,64659578.0,70652773.0,844897.0,982779.0,5117253.0,1787496.0,1219116.0,169460.0,0.0,0.0
100,Colorado,2019,66637771.0,63700623.0,855935.0,1011603.0,4699106.0,1691007.0,1252400.0,186279.0,0.0,0.0
101,Colorado,2020,74023492.0,79606745.0,1296851.0,1087426.0,5225331.0,1553418.0,1523243.0,200076.0,0.0,0.0
102,Connecticut,2004,28924967.0,28766835.0,35758.0,31465.0,1770170.0,686367.0,297158.0,34668.0,3703.0,1043.0
103,Connecticut,2005,29631074.0,30490099.0,34824.0,33112.0,1759182.0,723014.0,313977.0,36209.0,3665.0,1146.0
104,Connecticut,2006,31472666.0,33648282.0,42141.0,36950.0,1830058.0,703855.0,343847.0,39174.0,3817.0,1043.0
105,Connecticut,2007,32738862.0,37330759.0,46337.0,39775.0,1703528.0,693877.0,400277.0,42913.0,4260.0,1019.0
106,Connecticut,2008,35150823.0,32656080.0,54153.0,41642.0,1888625.0,741371.0,484426.0,42193.0,1805.0,832.0
107,Connecticut,2009,37615438.0,28904407.0,60128.0,41518.0,2109412.0,736701.0,594379.0,43683.0,3032.0,852.0
108,Connecticut,2010,39310557.0,39427477.0,57804.0,43334.0,2420368.0,751602.0,619696.0,43412.0,2299.0,1074.0
109,Connecticut,2011,40406856.0,42527723.0,62914.0,42016.0,2287010.0,695599.0,718056.0,45691.0,3066.0,1085.0
110,Connecticut,2012,40444776.0,40065044.0,20773.0,45433.0,3094844.0,775413.0,564467.0,59008.0,2085.0,959.0
111,Connecticut,2013,40544778.0,44428745.0,25510.0,43522.0,3273473.0,785708.0,595089.0,58764.0,2056.0,1025.0
112,Connecticut,2014,42400256.0,45460754.0,59952.0,50359.0,3447153.0,795385.0,600593.0,59068.0,2345.0,1217.0
113,Connecticut,2015,40154113.0,43346308.0,71900.0,39598.0,3537517.0,786684.0,640919.0,56957.0,2460.0,1346.0
114,Connecticut,2016,41772915.0,42801774.0,41333.0,22621.0,3944018.0,774542.0,640717.0,53319.0,2313.0,1238.0
115,Connecticut,2017,41048798.0,49738823.0,27451.0,26951.0,3494622.0,806080.0,665780.0,54671.0,911.0,1347.0
116,Connecticut,2018,41642052.0,49846252.0,29729.0,24359.0,3297553.0,820401.0,701492.0,57500.0,1840.0,862.0
117,Connecticut,2019,43162921.0,51371714.0,44788.0,33193.0,3244451.0,835240.0,664803.0,126058.0,1593.0,764.0
118,Connecticut,2020,45285851.0,51910360.0,29741.0,30018.0,3199037.0,784344.0,726373.0,69607.0,1066.0,758.0
119,Delaware,2004,6921977.0,7124618.0,14539.0,5228.0,802450.0,338858.0,71663.0,9814.0,29245.0,25708.0
120,Delaware,2005,7595278.0,7636707.0,14680.0,6232.0,1010107.0,346366.0,87638.0,10133.0,28900.0,27744.0
121,Delaware,2006,8299296.0,8473853.0,19047.0,5953.0,1007121.0,380180.0,74996.0,11883.0,46828.0,30979.0
122,Delaware,2007,8705975.0,9243796.0,15374.0,5559.0,759242.0,385547.0,88699.0,11941.0,32759.0,30621.0
123,Delaware,2008,9072548.0,8405064.0,16954.0,6015.0,995054.0,427954.0,123650.0,13345.0,33640.0,26816.0
124,Delaware,2009,9362274.0,7462899.0,19843.0,6660.0,1069451.0,447550.0,134808.0,13357.0,28403.0,29209.0
125,Delaware,2010,9745138.0,9830527.0,6985.0,7602.0,1137680.0,437179.0,125388.0,15387.0,29199.0,28203.0
126,Delaware,2011,9916478.0,11062529.0,6793.0,7600.0,971446.0,438426.0,126359.0,16194.0,36831.0,31890.0
127,Delaware,2012,10151774.0,9775661.0,6638.0,5677.0,879287.0,452799.0,135912.0,16862.0,31648.0,33965.0
128,Delaware,2013,10525974.0,10954394.0,6959.0,7329.0,909064.0,465409.0,134718.0,17065.0,39387.0,36750.0
129,Delaware,2014,10796183.0,11273143.0,7091.0,7364.0,759380.0,476722.0,159928.0,18711.0,37474.0,35929.0
130,Delaware,2015,10820667.0,10307049.0,7108.0,7908.0,691788.0,484981.0,122831.0,21321.0,43626.0,40492.0
131,Delaware,2016,11268907.0,10284816.0,7369.0,7075.0,936882.0,515274.0,137088.0,20880.0,58203.0,38418.0
132,Delaware,2017,12100844.0,11730824.0,7487.0,6921.0,1429298.0,534027.0,146096.0,22542.0,57957.0,37303.0
133,Delaware,2018,12200640.0,12597776.0,7896.0,7722.0,1280553.0,537193.0,150021.0,20488.0,55656.0,39804.0
134,Delaware,2019,12800960.0,12501688.0,7902.0,7908.0,1382834.0,550287.0,166174.0,21039.0,33847.0,18072.0
135,Delaware,2020,13311734.0,14835230.0,8561.0,7941.0,1184315.0,558706.0,168726.0,16398.0,23339.0,22194.0
136,District of Columbia,2004,8441919.0,8876006.0,0.0,0.0,108610.0,66042.0,1472197.0,597573.0,0.0,0.0
137,District of Columbia,2005,8946894.0,10046167.0,0.0,0.0,111116.0,68335.0,1551623.0,663260.0,0.0,0.0
138,District of Columbia,2006,10148361.0,11122148.0,0.0,0.0,129174.0,72262.0,1789733.0,696026.0,0.0,0.0
139,District of Columbia,2007,10604688.0,11388989.0,0.0,0.0,148989.0,76087.0,1804191.0,712966.0,0.0,0.0
140,District of Columbia,2008,12957613.0,11788628.0,0.0,0.0,668165.0,87243.0,1916230.0,771374.0,0.0,0.0
141,District of Columbia,2009,12620206.0,9644935.0,0.0,0.0,684134.0,76174.0,1886719.0,797733.0,0.0,0.0
142,District of Columbia,2010,13682059.0,11644004.0,0.0,0.0,962267.0,70984.0,2033952.0,767946.0,0.0,0.0
143,District of Columbia,2011,13934011.0,13236779.0,0.0,0.0,911852.0,94438.0,2307166.0,842956.0,0.0,0.0
144,District of Columbia,2012,13797315.0,12619814.0,0.0,0.0,908544.0,97812.0,2283587.0,904103.0,0.0,0.0
145,District of Columbia,2013,14945597.0,14098110.0,0.0,0.0,1114260.0,100675.0,2473823.0,806975.0,0.0,0.0
146,District of Columbia,2014,15234732.0,14746531.0,0.0,0.0,656930.0,100325.0,2540193.0,854580.0,0.0,0.0
147,District of Columbia,2015,15705670.0,15059488.0,0.0,0.0,801954.0,103488.0,2513954.0,898644.0,0.0,0.0
148,District of Columbia,2016,16593661.0,14628056.0,0.0,0.0,595981.0,110296.0,2997540.0,859165.0,0.0,0.0
149,District of Columbia,2017,18803720.0,15287418.0,0.0,0.0,794867.0,116244.0,4425686.0,788813.0,0.0,0.0
150,District of Columbia,2018,18960588.0,15950556.0,0.0,0.0,1005858.0,71640.0,3745061.0,800523.0,0.0,0.0
151,District of Columbia,2019,19962906.0,16283373.0,0.0,0.0,1098685.0,81007.0,4289658.0,789678.0,0.0,0.0
152,District of Columbia,2020,23499816.0,17428689.0,0.0,0.0,1207185.0,67281.0,5120462.0,582526.0,0.0,0.0
153,Florida,2004,115302969.0,129013687.0,1928310.0,1303771.0,11801487.0,4792785.0,1142211.0,201789.0,429961.0,313891.0
154,Florida,2005,130860382.0,135491071.0,1984070.0,1415704.0,13219266.0,5054616.0,1157584.0,207984.0,436194.0,342638.0
155,Florida,2006,140899505.0,153086214.0,1954357.0,1457296.0,14897532.0,5388533.0,1273901.0,241999.0,442931.0,403674.0
156,Florida,2007,148866854.0,173002204.0,1713987.0,1616189.0,17101275.0,5708736.0,1544664.0,257133.0,373084.0,330353.0
157,Florida,2008,158655017.0,148608841.0,1736114.0,1693887.0,18400559.0,5672643.0,1486274.0,258645.0,427074.0,333342.0
158,Florida,2009,160507780.0,118420096.0,2188540.0,1762514.0,16652206.0,5564732.0,1578728.0,258638.0,627071.0,351484.0
159,Florida,2010,163536447.0,166817472.0,2414994.0,1678188.0,14670068.0,5787660.0,1451518.0,256826.0,770342.0,352307.0
160,Florida,2011,163070769.0,180202820.0,2239618.0,1777096.0,13516228.0,5784193.0,1711225.0,297822.0,491923.0,388587.0
161,Florida,2012,158447344.0,148087824.0,1960938.0,1914873.0,13141319.0,5886507.0,1696066.0,303073.0,453779.0,390269.0
162,Florida,2013,155222550.0,172330769.0,1812077.0,2009111.0,13603856.0,6029378.0,1522288.0,324624.0,560519.0,407167.0
163,Florida,2014,160450026.0,180418044.0,2190433.0,1966248.0,16874939.0,6270359.0,1637306.0,334758.0,606417.0,466053.0
164,Florida,2015,164800873.0,167483541.0,2323813.0,2051680.0,17723963.0,6594052.0,1715265.0,344436.0,598501.0,494902.0
165,Florida,2016,167777134.0,164755203.0,2587365.0,2144740.0,17589483.0,7140543.0,1955408.0,347217.0,653036.0,529428.0
166,Florida,2017,177089394.0,192534238.0,2729192.0,2264697.0,19261316.0,7279142.0,2027292.0,329023.0,525391.0,575335.0
167,Florida,2018,187612475.0,199918774.0,2970414.0,2285054.0,18777819.0,7462246.0,2042858.0,307577.0,544393.0,607499.0
168,Florida,2019,199037235.0,200027782.0,2589423.0,2414604.0,20534784.0,7673645.0,2104430.0,292337.0,554491.0,634932.0
169,Florida,2020,208234166.0,208905616.0,3247719.0,2493439.0,20602401.0,7502658.0,2112663.0,291473.0,691503.0,652825.0
170,Georgia,2004,58471941.0,56986796.0,597792.0,455395.0,4153139.0,1062890.0,665455.0,117906.0,153410.0,128952.0
171,Georgia,2005,60729726.0,60296631.0,646396.0,504208.0,5883435.0,1237967.0,691479.0,113557.0,153451.0,149019.0
172,Georgia,2006,64350861.0,66058147.0,712843.0,537364.0,5912881.0,1226002.0,677553.0,114694.0,159825.0,180831.0
173,Georgia,2007,73573108.0,75994377.0,673526.0,590011.0,11656977.0,1419372.0,709436.0,119233.0,185291.0,205039.0
174,Georgia,2008,77693304.0,73036779.0,792895.0,658325.0,6526131.0,1353443.0,799670.0,135152.0,203186.0,236898.0
175,Georgia,2009,76204514.0,63194910.0,914480.0,677895.0,5402666.0,1179692.0,803838.0,137320.0,217960.0,227796.0
176,Georgia,2010,78158468.0,76369638.0,815527.0,646448.0,5810302.0,1169855.0,752471.0,147010.0,146430.0,238321.0
177,Georgia,2011,78539361.0,84591622.0,910140.0,708797.0,4632523.0,1263939.0,700642.0,155723.0,213151.0,266514.0
178,Georgia,2012,78447229.0,71202323.0,722996.0,706631.0,4945769.0,1394895.0,790184.0,174044.0,258760.0,283538.0
179,Georgia,2013,78287561.0,82325261.0,666139.0,809231.0,5336761.0,1511684.0,876741.0,177752.0,238493.0,292586.0
180,Georgia,2014,79438516.0,86575820.0,591687.0,827859.0,5604554.0,1403577.0,854528.0,175771.0,230056.0,310599.0
181,Georgia,2015,79597340.0,78522909.0,674123.0,582807.0,5096449.0,1432750.0,783771.0,174935.0,308052.0,356496.0
182,Georgia,2016,82044149.0,78329632.0,624335.0,583486.0,6686016.0,2091439.0,737364.0,161079.0,329784.0,346263.0
183,Georgia,2017,85621908.0,91491547.0,791413.0,814135.0,6990847.0,2186394.0,848460.0,178050.0,338836.0,372983.0
184,Georgia,2018,89012045.0,94999595.0,866324.0,835940.0,6958983.0,2300142.0,848638.0,178008.0,323906.0,426382.0
185,Georgia,2019,92409026.0,96863915.0,900470.0,887749.0,6938033.0,2340326.0,902308.0,165241.0,507601.0,473619.0
186,Georgia,2020,100471745.0,103264080.0,902801.0,713028.0,8032979.0,2380897.0,904670.0,134488.0,526147.0,481728.0
187,Hawaii,2004,9888798.0,10174146.0,166118.0,211947.0,502663.0,330907.0,170491.0,34507.0,29676.0,82899.0
188,Hawaii,2005,10533933.0,11000269.0,167727.0,228377.0,719938.0,364385.0,166002.0,43673.0,28006.0,81469.0
189,Hawaii,2006,11018210.0,11998548.0,188687.0,254869.0,642806.0,388967.0,147705.0,42845.0,37148.0,86677.0
190,Hawaii,2007,12330507.0,13527930.0,266701.0,251779.0,748624.0,388748.0,196389.0,40758.0,45103.0,83035.0
191,Hawaii,2008,13424635.0,11968775.0,294795.0,260346.0,909637.0,410971.0,236723.0,44636.0,59748.0,83825.0
192,Hawaii,2009,14266860.0,9920831.0,337329.0,279280.0,1004856.0,395771.0,269313.0,46889.0,47184.0,73192.0
193,Hawaii,2010,14339947.0,14665662.0,320090.0,321461.0,1104863.0,396037.0,333314.0,49539.0,45548.0,71649.0
194,Hawaii,2011,14389261.0,15945159.0,275894.0,337653.0,831649.0,446988.0,390178.0,57048.0,49375.0,85065.0
195,Hawaii,2012,14888532.0,13855773.0,281231.0,379912.0,993641.0,558278.0,647107.0,59117.0,61562.0,94496.0
196,Hawaii,2013,14888957.0,16766094.0,280242.0,372688.0,1007787.0,535393.0,590970.0,58651.0,50424.0,104376.0
197,Hawaii,2014,15800076.0,17722458.0,336805.0,374591.0,1057622.0,528720.0,605126.0,62923.0,60345.0,118908.0
198,Hawaii,2015,15574132.0,17156084.0,569120.0,357018.0,1021321.0,545271.0,820402.0,61519.0,79394.0,116877.0
199,Hawaii,2016,16353645.0,17454318.0,438887.0,384560.0,1063905.0,563974.0,895958.0,60558.0,84956.0,119359.0
200,Hawaii,2017,16827834.0,20396275.0,528423.0,430141.0,801984.0,564232.0,926083.0,58551.0,79955.0,136317.0
201,Hawaii,2018,17777830.0,20267383.0,678573.0,483411.0,1100382.0,599555.0,777373.0,61115.0,123165.0,157984.0
202,Hawaii,2019,18773523.0,20440978.0,823902.0,494835.0,1202304.0,609643.0,855593.0,61283.0,109703.0,187254.0
203,Hawaii,2020,20157114.0,21256402.0,746608.0,417725.0,1061224.0,605817.0,1159142.0,50904.0,126047.0,180791.0
204,Idaho,2004,8425980.0,9754123.0,66304.0,27498.0,1012972.0,344821.0,12620.0,1727.0,1338.0,767.0
205,Idaho,2005,8914976.0,10004264.0,52655.0,30489.0,1068707.0,353647.0,10463.0,1305.0,1665.0,866.0
206,Idaho,2006,9328396.0,10847067.0,54804.0,34891.0,1153734.0,366857.0,11583.0,1292.0,2121.0,913.0
207,Idaho,2007,9931859.0,12306217.0,52298.0,38075.0,1227936.0,388658.0,12051.0,2374.0,2563.0,1665.0
208,Idaho,2008,10777774.0,10534067.0,49419.0,39997.0,1353407.0,397427.0,16584.0,2382.0,2499.0,1622.0
209,Idaho,2009,11606524.0,9096518.0,46230.0,31600.0,1402560.0,377112.0,18072.0,3078.0,2144.0,1238.0
210,Idaho,2010,12054282.0,12489961.0,60217.0,27503.0,1566898.0,379484.0,19309.0,3531.0,2036.0,1184.0
211,Idaho,2011,12017709.0,14106986.0,53042.0,28352.0,1610477.0,410476.0,18825.0,3159.0,2444.0,1217.0
212,Idaho,2012,12003711.0,11855694.0,51032.0,29899.0,1361885.0,404575.0,16885.0,3162.0,2263.0,2075.0
213,Idaho,2013,12379243.0,13284760.0,56762.0,36207.0,1344854.0,418641.0,18699.0,3163.0,2443.0,1737.0
214,Idaho,2014,12606110.0,14122263.0,61255.0,36942.0,1363784.0,426101.0,21826.0,2938.0,4516.0,1891.0
215,Idaho,2015,12666037.0,13218586.0,56948.0,38523.0,1372836.0,442903.0,29944.0,3236.0,1324.0,1134.0
216,Idaho,2016,12475868.0,13188505.0,61916.0,41969.0,1295403.0,560718.0,28688.0,3356.0,1776.0,976.0
217,Idaho,2017,13222087.0,15551003.0,64961.0,42904.0,1340523.0,597241.0,27002.0,3392.0,2244.0,1136.0
218,Idaho,2018,14100211.0,15934702.0,56674.0,44050.0,1597456.0,612344.0,27424.0,2991.0,1892.0,1073.0
219,Idaho,2019,15323956.0,16330832.0,49709.0,44460.0,1970596.0,646222.0,29219.0,3462.0,1906.0,1193.0
220,Idaho,2020,16686160.0,18030300.0,58791.0,48660.0,2362091.0,636071.0,27736.0,3436.0,1125.0,1438.0
221,Illinois,2004,97001009.0,100580663.0,783699.0,794667.0,7673675.0,3660155.0,3483179.0,697592.0,64.0,16124.0
222,Illinois,2005,97723392.0,99669899.0,795771.0,735995.0,8128295.0,3714416.0,3403755.0,739857.0,63.0,16862.0
223,Illinois,2006,101227579.0,107810566.0,897528.0,841838.0,8250465.0,5721920.0,3486583.0,765567.0,62.0,17341.0
224,Illinois,2007,109383646.0,120906205.0,1445150.0,911579.0,10810496.0,4260141.0,3603762.0,825624.0,13272.0,10342.0
225,Illinois,2008,115875062.0,102660793.0,1541859.0,1038461.0,10569584.0,3633352.0,3774424.0,796233.0,62.0,11532.0
226,Illinois,2009,124490309.0,74484040.0,1325599.0,1032067.0,11892992.0,3967808.0,4089473.0,835784.0,0.0,0.0
227,Illinois,2010,129518382.0,126383763.0,1300712.0,977098.0,13513070.0,4901146.0,3716867.0,817059.0,0.0,0.0
228,Illinois,2011,129545322.0,135949057.0,1226490.0,1105207.0,11356143.0,3897465.0,3436057.0,867801.0,0.0,0.0
229,Illinois,2012,130677168.0,119921125.0,1178242.0,1103408.0,11560400.0,3903363.0,3755602.0,906217.0,12770.0,14805.0
230,Illinois,2013,134561138.0,144315610.0,1278762.0,1123045.0,11765333.0,4113518.0,4040585.0,946473.0,9196.0,11678.0
231,Illinois,2014,139684946.0,150125874.0,1263397.0,1162306.0,12365864.0,4220795.0,4866110.0,978636.0,7039.0,12041.0
232,Illinois,2015,142658109.0,136175393.0,1229856.0,1294403.0,14410649.0,4317028.0,4559731.0,994940.0,6960.0,10353.0
233,Illinois,2016,140191518.0,128361488.0,1223169.0,1315135.0,16024132.0,4593004.0,4761926.0,1020281.0,6736.0,10851.0
234,Illinois,2017,146692338.0,148609421.0,1440537.0,1425108.0,15408775.0,4663169.0,4572578.0,1019000.0,14141.0,17060.0
235,Illinois,2018,152883833.0,159052074.0,1733644.0,1466133.0,12585217.0,4636425.0,4239043.0,1016469.0,10315.0,0.0
236,Illinois,2019,154526135.0,147098404.0,1802290.0,1571946.0,11721942.0,4795471.0,4113338.0,1064296.0,13075.0,7735.0
237,Illinois,2020,165363911.0,163635254.0,1960801.0,1792492.0,13750717.0,5310918.0,4293516.0,1051318.0,19386.0,18184.0
238,Indiana,2004,39447528.0,41066913.0,224554.0,109452.0,3610174.0,1087539.0,159907.0,27103.0,19950.0,5756.0
239,Indiana,2005,42164428.0,44301843.0,171598.0,120633.0,3576027.0,1134325.0,173351.0,29277.0,14680.0,6423.0
240,Indiana,2006,44142345.0,50510259.0,251953.0,129423.0,3792412.0,5050021.0,166078.0,28924.0,9873.0,10037.0
241,Indiana,2007,46575803.0,49787511.0,416060.0,127184.0,3834026.0,1183027.0,155021.0,38779.0,9021.0,7748.0
242,Indiana,2008,48852533.0,46949468.0,599114.0,127381.0,4459988.0,1167578.0,145010.0,38667.0,9412.0,7609.0
243,Indiana,2009,51508484.0,46647994.0,545128.0,140246.0,4788580.0,1129624.0,193627.0,39939.0,9609.0,8096.0
244,Indiana,2010,53247203.0,54802507.0,277852.0,157318.0,4484330.0,1221774.0,171109.0,39052.0,12848.0,8336.0
245,Indiana,2011,52779643.0,57105262.0,311891.0,171689.0,4451832.0,1174055.0,170051.0,37893.0,20109.0,9136.0
246,Indiana,2012,52486044.0,51624918.0,191829.0,181271.0,4723364.0,1112511.0,184550.0,46088.0,16642.0,11172.0
247,Indiana,2013,52759068.0,55255339.0,255985.0,176532.0,4240153.0,1119013.0,176996.0,47643.0,18615.0,12205.0
248,Indiana,2014,54525109.0,57082997.0,267915.0,178675.0,4018848.0,1096350.0,187390.0,49201.0,16229.0,16441.0
249,Indiana,2015,54793743.0,58463486.0,240942.0,207998.0,4404385.0,1153189.0,196517.0,50444.0,18630.0,17672.0
250,Indiana,2016,57689862.0,60406402.0,223461.0,216623.0,4303223.0,1206239.0,227310.0,50735.0,12121.0,17396.0
251,Indiana,2017,59295114.0,63752239.0,248741.0,232088.0,4015885.0,1215776.0,212459.0,42917.0,15999.0,20053.0
252,Indiana,2018,61415845.0,69583800.0,211610.0,217718.0,4321175.0,1818420.0,206965.0,42635.0,21078.0,19674.0
253,Indiana,2019,64808133.0,72014492.0,289461.0,233135.0,5411842.0,2307476.0,251194.0,50109.0,21203.0,20027.0
254,Indiana,2020,69568981.0,75170061.0,299706.0,238911.0,5811913.0,2205244.0,313936.0,48620.0,30651.0,27197.0
255,Iowa,2004,20634486.0,22544565.0,60871.0,49498.0,2379443.0,851337.0,61305.0,12369.0,8.0,171.0
256,Iowa,2005,21486468.0,23204137.0,69991.0,48627.0,2806171.0,864755.0,61658.0,15678.0,0.0,182.0
257,Iowa,2006,23103915.0,24836440.0,83023.0,48339.0,2920933.0,882044.0,70141.0,16851.0,0.0,189.0
258,Iowa,2007,24247943.0,27641332.0,96986.0,49130.0,2895152.0,895796.0,72930.0,21256.0,0.0,0.0
259,Iowa,2008,25822581.0,24960517.0,95208.0,49816.0,2748322.0,897826.0,78643.0,22422.0,0.0,0.0
260,Iowa,2009,28316038.0,22827675.0,113128.0,54330.0,3239078.0,913069.0,85367.0,23164.0,0.0,0.0
261,Iowa,2010,29537122.0,31054604.0,114013.0,49942.0,3636293.0,955198.0,98499.0,24259.0,0.0,0.0
262,Iowa,2011,30322735.0,34619721.0,111347.0,55182.0,3259508.0,999553.0,107824.0,25957.0,0.0,0.0
263,Iowa,2012,31324706.0,32963104.0,103428.0,65781.0,3714233.0,1006434.0,112614.0,25304.0,5.0,8.0
264,Iowa,2013,31134256.0,36124950.0,125563.0,62843.0,3386900.0,1026097.0,109165.0,23791.0,7.0,11.0
265,Iowa,2014,32527391.0,38004668.0,105619.0,63976.0,3762182.0,1045760.0,98049.0,24051.0,8.0,11.0
266,Iowa,2015,33750921.0,36795579.0,99785.0,67710.0,4185428.0,1184341.0,112797.0,25532.0,8.0,13.0
267,Iowa,2016,34587426.0,36750610.0,102694.0,70900.0,4045238.0,1351313.0,102537.0,25039.0,7.0,12.0
268,Iowa,2017,35062829.0,41250847.0,83840.0,69080.0,4348400.0,1365678.0,120395.0,27682.0,12.0,5.0
269,Iowa,2018,36165573.0,41136203.0,126558.0,74747.0,4443797.0,1388426.0,123515.0,27130.0,0.0,0.0
270,Iowa,2019,37440549.0,43605881.0,121554.0,84035.0,4690214.0,1407086.0,115921.0,26110.0,22.0,11.0
271,Iowa,2020,40433746.0,45151128.0,160726.0,86354.0,5107848.0,1420446.0,109781.0,22650.0,21.0,19.0
272,Kansas,2004,18352754.0,18582666.0,74626.0,23512.0,2858714.0,674903.0,15886.0,2372.0,0.0,0.0
273,Kansas,2005,18948149.0,19990130.0,49430.0,27995.0,2720055.0,684684.0,16474.0,3134.0,0.0,0.0
274,Kansas,2006,20224578.0,21585582.0,61286.0,33022.0,2872483.0,692162.0,19113.0,2766.0,0.0,0.0
275,Kansas,2007,21781175.0,24251642.0,56611.0,33213.0,2579962.0,694364.0,30376.0,3868.0,0.0,0.0
276,Kansas,2008,23609816.0,22609524.0,61130.0,35235.0,2865021.0,704813.0,31691.0,3928.0,0.0,0.0
277,Kansas,2009,25831403.0,21020539.0,84507.0,41657.0,2954143.0,699429.0,31388.0,5006.0,0.0,0.0
278,Kansas,2010,26535739.0,26329759.0,82825.0,37664.0,2648751.0,705947.0,36074.0,4771.0,0.0,0.0
279,Kansas,2011,26523867.0,28544267.0,71344.0,40084.0,2702060.0,736169.0,48996.0,5436.0,0.0,0.0
280,Kansas,2012,26032354.0,23812615.0,70245.0,41030.0,2690263.0,741431.0,46614.0,6039.0,0.0,0.0
281,Kansas,2013,25976620.0,29076999.0,76840.0,41206.0,2615137.0,747930.0,46398.0,6183.0,0.0,0.0
282,Kansas,2014,27258610.0,29639433.0,126977.0,42041.0,2680642.0,788124.0,52643.0,6108.0,0.0,0.0
283,Kansas,2015,27958492.0,28125525.0,160160.0,45522.0,2908603.0,816577.0,49490.0,6353.0,0.0,0.0
284,Kansas,2016,28812393.0,28166307.0,125120.0,42495.0,3086189.0,830098.0,49630.0,5381.0,0.0,0.0
285,Kansas,2017,30777581.0,32132379.0,101394.0,47251.0,3028602.0,848952.0,41642.0,5429.0,0.0,0.0
286,Kansas,2018,30815281.0,33080913.0,120013.0,47462.0,2587457.0,854968.0,41076.0,5220.0,0.0,0.0
287,Kansas,2019,31658482.0,33415925.0,89590.0,53615.0,2434749.0,857018.0,49773.0,8894.0,0.0,0.0
288,Kansas,2020,33461714.0,34129626.0,92798.0,51072.0,2771540.0,840697.0,47894.0,4435.0,0.0,0.0
289,Kentucky,2004,26818189.0,26833520.0,264848.0,153478.0,3064769.0,717818.0,84895.0,12830.0,12269.0,16326.0
290,Kentucky,2005,27308152.0,28068853.0,137935.0,159119.0,2462921.0,732568.0,89919.0,15043.0,10140.0,16091.0
291,Kentucky,2006,29926922.0,30925835.0,159427.0,172663.0,2953208.0,771000.0,100256.0,15848.0,17201.0,21421.0
292,Kentucky,2007,31722063.0,33798451.0,155090.0,178452.0,3956895.0,845614.0,186692.0,27637.0,32322.0,27965.0
293,Kentucky,2008,34603320.0,29486579.0,151630.0,189553.0,4711003.0,904823.0,132274.0,21782.0,12696.0,23225.0
294,Kentucky,2009,35985700.0,28096981.0,168028.0,193276.0,3453618.0,915117.0,160895.0,23657.0,9781.0,11121.0
295,Kentucky,2010,38595440.0,37559735.0,131726.0,190365.0,3651626.0,931764.0,200425.0,21392.0,12461.0,8861.0
296,Kentucky,2011,39054687.0,40966092.0,136327.0,198698.0,3617687.0,1008139.0,136110.0,21380.0,7582.0,8899.0
297,Kentucky,2012,39999482.0,35057231.0,163609.0,209137.0,4021206.0,1109414.0,144290.0,22372.0,13466.0,12772.0
298,Kentucky,2013,39039156.0,38275238.0,212518.0,191801.0,4272840.0,1122842.0,152868.0,22677.0,8528.0,8030.0
299,Kentucky,2014,40642182.0,41076607.0,181371.0,191204.0,4563645.0,1182289.0,174903.0,24230.0,17105.0,10715.0
300,Kentucky,2015,43919437.0,39951541.0,215255.0,191514.0,4920161.0,1159092.0,189586.0,24557.0,28882.0,14046.0
301,Kentucky,2016,45493880.0,40310025.0,230229.0,202424.0,4586692.0,1056194.0,196440.0,25008.0,34387.0,18576.0
302,Kentucky,2017,45409311.0,45199453.0,190661.0,200935.0,3727663.0,1016378.0,197343.0,26583.0,32554.0,20114.0
303,Kentucky,2018,46165009.0,45672050.0,197607.0,215738.0,3597432.0,1041324.0,197210.0,26176.0,22695.0,21056.0
304,Kentucky,2019,46889721.0,46418737.0,219908.0,242228.0,3805196.0,1071341.0,220828.0,24830.0,23565.0,23759.0
305,Kentucky,2020,50421217.0,50023462.0,325415.0,236764.0,4005033.0,1006918.0,198160.0,22334.0,27113.0,16406.0
306,Louisiana,2004,31099486.0,34117237.0,176966.0,113829.0,2657994.0,727309.0,210193.0,43347.0,177839.0,90976.0
307,Louisiana,2005,32577607.0,35858007.0,160843.0,119134.0,2827335.0,767741.0,199166.0,43104.0,200426.0,104678.0
308,Louisiana,2006,35313026.0,39812466.0,226178.0,111289.0,3457862.0,827154.0,161784.0,41684.0,291432.0,106331.0
309,Louisiana,2007,40042212.0,47334106.0,202994.0,109161.0,3611177.0,787657.0,152248.0,12148.0,205214.0,120948.0
310,Louisiana,2008,46897142.0,45041608.0,174583.0,119279.0,5074066.0,750975.0,146620.0,22258.0,199204.0,126146.0
311,Louisiana,2009,48011388.0,38025641.0,208635.0,125081.0,6092897.0,737422.0,187385.0,23058.0,251183.0,126077.0
312,Louisiana,2010,48754655.0,47078081.0,246986.0,133643.0,4871218.0,756765.0,203794.0,23641.0,262374.0,132236.0
313,Louisiana,2011,48949394.0,49275566.0,265643.0,141045.0,5054838.0,772026.0,213748.0,25185.0,296914.0,144822.0
314,Louisiana,2012,46872886.0,41978621.0,307445.0,137176.0,4619234.0,764104.0,221714.0,26959.0,342520.0,158335.0
315,Louisiana,2013,46504603.0,48596820.0,300262.0,155505.0,4053957.0,754613.0,247275.0,28646.0,326088.0,158120.0
316,Louisiana,2014,46263567.0,49937088.0,235276.0,154741.0,3445063.0,723805.0,227983.0,31143.0,322944.0,169785.0
317,Louisiana,2015,45903350.0,43990865.0,222873.0,158036.0,3657711.0,742642.0,234177.0,31305.0,316185.0,184008.0
318,Louisiana,2016,46766439.0,42674534.0,266136.0,160005.0,3878530.0,823637.0,239222.0,31612.0,340560.0,189913.0
319,Louisiana,2017,49335719.0,52358103.0,377655.0,169977.0,3624331.0,785546.0,229987.0,32518.0,302752.0,198034.0
320,Louisiana,2018,49824003.0,52114418.0,490647.0,174857.0,3555260.0,784585.0,230840.0,31872.0,456832.0,211480.0
321,Louisiana,2019,50951953.0,50304450.0,528967.0,176028.0,3490343.0,820355.0,216746.0,33524.0,393098.0,241131.0
322,Louisiana,2020,53405831.0,52699758.0,331810.0,198145.0,3492624.0,762044.0,234192.0,31854.0,325791.0,228288.0
323,Maine,2004,10014208.0,11294748.0,45145.0,26348.0,986390.0,406598.0,5826.0,1431.0,15486.0,6377.0
324,Maine,2005,10206579.0,11383089.0,59775.0,27021.0,991355.0,434891.0,6433.0,1296.0,6521.0,2343.0
325,Maine,2006,10693558.0,11486045.0,46355.0,28761.0,1132411.0,431752.0,7602.0,1604.0,11953.0,2979.0
326,Maine,2007,10861972.0,12292282.0,47574.0,32457.0,985118.0,423995.0,12096.0,2381.0,12472.0,2943.0
327,Maine,2008,11194026.0,10595472.0,51995.0,36486.0,929755.0,417719.0,10864.0,2603.0,8226.0,2008.0
328,Maine,2009,11934713.0,9484844.0,70513.0,36135.0,1031270.0,413754.0,11862.0,2712.0,1517.0,1265.0
329,Maine,2010,12285828.0,12557033.0,68378.0,37947.0,1174537.0,462618.0,14965.0,2828.0,4249.0,1279.0
330,Maine,2011,12500230.0,13921585.0,117463.0,37067.0,1315337.0,465069.0,15846.0,3148.0,10553.0,1349.0
331,Maine,2012,12293652.0,11939639.0,67773.0,35381.0,1265535.0,471535.0,14164.0,3460.0,17073.0,3188.0
332,Maine,2013,12197913.0,13302514.0,51067.0,33809.0,1297485.0,476591.0,39444.0,12825.0,6807.0,3509.0
333,Maine,2014,12595442.0,14095921.0,44401.0,38924.0,1174020.0,490656.0,34565.0,13650.0,5704.0,3973.0
334,Maine,2015,12099770.0,12512983.0,45891.0,36519.0,1226387.0,497773.0,35862.0,12653.0,7734.0,3831.0
335,Maine,2016,12565962.0,12567515.0,59729.0,38121.0,1410862.0,505570.0,37302.0,13052.0,5459.0,4570.0
336,Maine,2017,12971286.0,14588082.0,52004.0,41392.0,1360949.0,526853.0,40340.0,13831.0,5552.0,4325.0
337,Maine,2018,13390531.0,14923029.0,54687.0,43520.0,1313880.0,526066.0,62400.0,15568.0,5648.0,5011.0
338,Maine,2019,13956535.0,15679534.0,61078.0,50063.0,1291942.0,548206.0,69110.0,15496.0,8820.0,4709.0
339,Maine,2020,15096532.0,17243177.0,57544.0,46198.0,1675411.0,530078.0,58703.0,12723.0,5853.0,4918.0
340,Maryland,2004,38410803.0,44404420.0,177731.0,144962.0,2976512.0,1431108.0,614696.0,124839.0,176525.0,91438.0
341,Maryland,2005,41373428.0,45076453.0,192214.0,135051.0,3445607.0,1633678.0,683618.0,126067.0,169238.0,95247.0
342,Maryland,2006,44280412.0,48292144.0,243777.0,147638.0,3784095.0,1617703.0,744394.0,130222.0,166550.0,90280.0
343,Maryland,2007,47790383.0,53186913.0,265017.0,159212.0,4277232.0,1628994.0,721410.0,139571.0,172374.0,93759.0
344,Maryland,2008,51268382.0,44921659.0,248313.0,183017.0,4452707.0,1673689.0,890554.0,141414.0,225986.0,96908.0
345,Maryland,2009,54742747.0,40006722.0,212577.0,185427.0,4629529.0,1603899.0,1025467.0,143692.0,198745.0,89666.0
346,Maryland,2010,57484556.0,57493374.0,220190.0,195347.0,4763098.0,1620690.0,1117049.0,151790.0,137783.0,66542.0
347,Maryland,2011,57761605.0,62803435.0,230402.0,203549.0,4626455.0,1698554.0,1139083.0,184651.0,100134.0,45188.0
348,Maryland,2012,59566828.0,56565876.0,245217.0,211322.0,4147938.0,1747866.0,1174449.0,167220.0,99206.0,54551.0
349,Maryland,2013,60495611.0,64551839.0,258726.0,219933.0,4256585.0,1838590.0,1178112.0,168159.0,126465.0,49857.0
350,Maryland,2014,63218485.0,67185039.0,306144.0,228907.0,4593380.0,2098439.0,1187655.0,167884.0,119629.0,51507.0
351,Maryland,2015,66456169.0,64612341.0,326111.0,224104.0,5195393.0,2271037.0,1267890.0,172148.0,133517.0,55911.0
352,Maryland,2016,67445701.0,65194610.0,351916.0,233738.0,5147147.0,2363044.0,1239590.0,188332.0,145138.0,56967.0
353,Maryland,2017,69963586.0,72888812.0,323579.0,243758.0,5161750.0,2478818.0,1953917.0,183250.0,215654.0,50634.0
354,Maryland,2018,72286591.0,74605729.0,321529.0,262739.0,5766931.0,2482654.0,2010116.0,183235.0,136359.0,58600.0
355,Maryland,2019,75576725.0,75622086.0,288516.0,268164.0,5745219.0,2546612.0,2027412.0,170246.0,142265.0,61247.0
356,Maryland,2020,81013527.0,78310759.0,303698.0,237345.0,5332204.0,2322075.0,2444898.0,128825.0,141704.0,55224.0
357,Massachusetts,2004,57594942.0,60935514.0,546183.0,382654.0,5566421.0,1362298.0,1846373.0,429727.0,70443.0,54956.0
358,Massachusetts,2005,57862269.0,62019392.0,559431.0,423276.0,3645770.0,1403773.0,1873916.0,458575.0,67386.0,63888.0
359,Massachusetts,2006,60776536.0,66588191.0,459137.0,476078.0,3408630.0,1378074.0,1831351.0,474185.0,68643.0,68943.0
360,Massachusetts,2007,65641907.0,70783258.0,480329.0,511034.0,3521047.0,1397708.0,2006476.0,515636.0,96915.0,75637.0
361,Massachusetts,2008,68434557.0,65770834.0,423302.0,541115.0,4430050.0,1561038.0,2136893.0,588525.0,94365.0,82909.0
362,Massachusetts,2009,73333907.0,52546070.0,439881.0,531146.0,3850063.0,1706577.0,2255551.0,612696.0,101462.0,75619.0
363,Massachusetts,2010,76678608.0,76099979.0,435650.0,553556.0,3958803.0,1466896.0,2212864.0,608087.0,88088.0,72142.0
364,Massachusetts,2011,78147959.0,82849657.0,533645.0,577604.0,3943510.0,1561584.0,2329868.0,568836.0,105553.0,78727.0
365,Massachusetts,2012,80070920.0,73543772.0,563687.0,605558.0,4328943.0,1900324.0,2451666.0,615144.0,85242.0,82946.0
366,Massachusetts,2013,80752126.0,82199710.0,572042.0,608100.0,4545662.0,1879300.0,2459111.0,726979.0,87067.0,84576.0
367,Massachusetts,2014,83942218.0,87971825.0,607836.0,653702.0,5324160.0,2072661.0,2498462.0,753295.0,91401.0,94190.0
368,Massachusetts,2015,87027762.0,84238815.0,623833.0,696220.0,5841439.0,2173719.0,3877612.0,804169.0,97671.0,99697.0
369,Massachusetts,2016,90082479.0,85616442.0,616880.0,728037.0,5832276.0,2252352.0,3671198.0,830828.0,100769.0,108973.0
370,Massachusetts,2017,92902911.0,95481418.0,621166.0,787877.0,5630085.0,2273736.0,3488766.0,900846.0,105060.0,121541.0
371,Massachusetts,2018,96084632.0,100497437.0,622137.0,853746.0,5105087.0,2366966.0,3954515.0,898229.0,112267.0,133780.0
372,Massachusetts,2019,98926618.0,97922872.0,708547.0,904179.0,4785836.0,2376856.0,3710342.0,917358.0,119764.0,159777.0
373,Massachusetts,2020,108759552.0,105809443.0,918415.0,794046.0,4987362.0,2194671.0,4405918.0,750361.0,139925.0,152591.0
374,Michigan,2004,77327278.0,79688972.0,434997.0,295892.0,4927131.0,2316645.0,556997.0,61832.0,6490.0,343.0
375,Michigan,2005,76063447.0,81138462.0,457419.0,385745.0,5249017.0,2146465.0,586747.0,58880.0,0.0,318.0
376,Michigan,2006,76392688.0,83897869.0,506476.0,386750.0,5136060.0,2148235.0,571220.0,67613.0,0.0,334.0
377,Michigan,2007,80814076.0,91349680.0,535175.0,397077.0,5397375.0,2117295.0,552189.0,72090.0,5725.0,1966.0
378,Michigan,2008,83758206.0,69088082.0,637890.0,422596.0,5218602.0,2084943.0,596639.0,76995.0,1596.0,2019.0
379,Michigan,2009,86331821.0,72163625.0,745378.0,433237.0,5498553.0,2039033.0,617165.0,79060.0,0.0,0.0
380,Michigan,2010,90934592.0,93818603.0,571823.0,411896.0,5203559.0,2023852.0,599849.0,80327.0,0.0,0.0
381,Michigan,2011,89635214.0,93555103.0,460923.0,425074.0,4839465.0,2037859.0,608641.0,84195.0,0.0,0.0
382,Michigan,2012,88711315.0,91383838.0,463951.0,458121.0,4522424.0,2061374.0,609652.0,84662.0,5233.0,2478.0
383,Michigan,2013,89106474.0,96812774.0,436550.0,467951.0,4662581.0,2122287.0,616853.0,86495.0,4464.0,2295.0
384,Michigan,2014,92044509.0,99854338.0,488329.0,465341.0,4814487.0,2162144.0,647629.0,82414.0,7678.0,2526.0
385,Michigan,2015,93510917.0,95113232.0,484520.0,497793.0,5114186.0,2263375.0,604923.0,87109.0,5800.0,2625.0
386,Michigan,2016,96459823.0,98854813.0,530339.0,507002.0,5375685.0,2311848.0,670740.0,85753.0,7182.0,2801.0
387,Michigan,2017,99635622.0,109458567.0,592122.0,505896.0,5822803.0,2575990.0,709736.0,79264.0,4674.0,3286.0
388,Michigan,2018,103318659.0,112318115.0,575318.0,530299.0,6327114.0,3029835.0,720264.0,94854.0,3089.0,3500.0
389,Michigan,2019,108805256.0,108162564.0,569986.0,553500.0,7158304.0,3062906.0,709319.0,84181.0,53513.0,3111.0
390,Michigan,2020,115916113.0,113519253.0,651945.0,595154.0,7809581.0,2775405.0,750885.0,79379.0,1491.0,3225.0
391,Minnesota,2004,41538241.0,42955004.0,306050.0,242045.0,4899359.0,1263960.0,149974.0,5650.0,40764.0,36294.0
392,Minnesota,2005,42935605.0,45464645.0,276285.0,275376.0,4568298.0,1279813.0,173943.0,10561.0,38204.0,39474.0
393,Minnesota,2006,44581441.0,48774299.0,312832.0,308490.0,4954048.0,1286806.0,195038.0,13424.0,15419.0,13075.0
394,Minnesota,2007,47224785.0,54337622.0,323110.0,304567.0,5245038.0,1280540.0,113852.0,15719.0,18722.0,15717.0
395,Minnesota,2008,50900512.0,45659035.0,338579.0,318260.0,6192636.0,1282612.0,271545.0,17750.0,20584.0,15092.0
396,Minnesota,2009,54373893.0,39015154.0,317504.0,311581.0,5667819.0,1403933.0,168747.0,18667.0,38027.0,18642.0
397,Minnesota,2010,55975246.0,57410235.0,339789.0,321342.0,6160974.0,1513497.0,169109.0,19267.0,35863.0,18985.0
398,Minnesota,2011,55668773.0,63654150.0,310696.0,318505.0,5807353.0,1565037.0,180384.0,19747.0,30433.0,12619.0
399,Minnesota,2012,56198780.0,56335857.0,339447.0,335749.0,5803224.0,1619886.0,182740.0,21212.0,48494.0,12343.0
400,Minnesota,2013,55457627.0,65560197.0,386711.0,345533.0,6139076.0,1650761.0,215879.0,21711.0,63005.0,14514.0
401,Minnesota,2014,59428583.0,67486617.0,362443.0,302894.0,6795184.0,1797710.0,531536.0,118499.0,67499.0,11165.0
402,Minnesota,2015,60595397.0,66048761.0,345510.0,319087.0,6974663.0,1839584.0,499255.0,121176.0,60531.0,18637.0
403,Minnesota,2016,65181889.0,63851206.0,378213.0,326404.0,8056100.0,1886829.0,556982.0,121693.0,47471.0,17613.0
404,Minnesota,2017,68286825.0,73712967.0,492062.0,356883.0,7740911.0,2024879.0,638177.0,128471.0,58952.0,14245.0
405,Minnesota,2018,72572824.0,79790459.0,521143.0,368969.0,8051007.0,2050897.0,731037.0,126848.0,57415.0,35974.0
406,Minnesota,2019,72049460.0,78188381.0,582801.0,392380.0,8016675.0,2099148.0,613115.0,133078.0,57684.0,27073.0
407,Minnesota,2020,78062170.0,79427041.0,608484.0,422617.0,8667515.0,2071182.0,752475.0,126596.0,51807.0,26333.0
408,Mississippi,2004,19383241.0,20669806.0,62329.0,31326.0,2021574.0,596799.0,17877.0,1619.0,32768.0,41615.0
409,Mississippi,2005,20041319.0,21113251.0,53846.0,29189.0,1961486.0,554791.0,14531.0,1586.0,33252.0,41915.0
410,Mississippi,2006,22095952.0,23983717.0,80040.0,29741.0,2762743.0,570974.0,10446.0,1359.0,36600.0,27498.0
411,Mississippi,2007,24694879.0,29535523.0,89550.0,36943.0,3054246.0,582769.0,11702.0,949.0,45800.0,26964.0
412,Mississippi,2008,25164384.0,23524206.0,127813.0,36636.0,2650764.0,574608.0,14640.0,1274.0,34372.0,35332.0
413,Mississippi,2009,26236580.0,21758969.0,128047.0,48133.0,2366013.0,559872.0,12807.0,1072.0,42850.0,36428.0
414,Mississippi,2010,27216342.0,28690347.0,91887.0,49884.0,2633335.0,526405.0,14318.0,1351.0,50777.0,37144.0
415,Mississippi,2011,27464721.0,31498562.0,112144.0,55082.0,2649650.0,557779.0,18445.0,1549.0,48575.0,30668.0
416,Mississippi,2012,27770689.0,26757575.0,107241.0,51304.0,2736736.0,562261.0,16463.0,1428.0,69481.0,32373.0
417,Mississippi,2013,27497697.0,30030775.0,76639.0,50437.0,2540367.0,575085.0,15653.0,1575.0,56323.0,37915.0
418,Mississippi,2014,27799980.0,31131322.0,92505.0,45824.0,2406638.0,574788.0,16301.0,1779.0,64040.0,37745.0
419,Mississippi,2015,28831534.0,29436598.0,98577.0,45416.0,2471865.0,613705.0,22828.0,2082.0,66510.0,37120.0
420,Mississippi,2016,29656273.0,29456966.0,95837.0,45181.0,2451835.0,621030.0,18994.0,1755.0,55886.0,40386.0
421,Mississippi,2017,30203067.0,32777204.0,77435.0,47061.0,2565798.0,618537.0,22483.0,1859.0,53481.0,47748.0
422,Mississippi,2018,30180740.0,32030496.0,86935.0,44773.0,2599009.0,624250.0,19964.0,1437.0,55310.0,52290.0
423,Mississippi,2019,30790564.0,32342736.0,67506.0,42833.0,2615740.0,636126.0,23366.0,1588.0,57765.0,57151.0
424,Mississippi,2020,32580411.0,32982833.0,96013.0,49430.0,2626888.0,609841.0,26846.0,1591.0,62332.0,55226.0
425,Missouri,2004,35570876.0,39922830.0,469994.0,270543.0,4009644.0,1021509.0,507273.0,46176.0,2011.0,1831.0
426,Missouri,2005,37186119.0,41339990.0,406896.0,256815.0,3597679.0,1062235.0,464930.0,49815.0,1869.0,2464.0
427,Missouri,2006,39523122.0,44199877.0,408880.0,301228.0,4267742.0,1091174.0,496503.0,52132.0,1883.0,3135.0
428,Missouri,2007,41893924.0,49612866.0,263086.0,297234.0,4600942.0,1041580.0,325377.0,55537.0,6149.0,3398.0
429,Missouri,2008,44750733.0,41965289.0,310889.0,321157.0,4345427.0,1058243.0,389859.0,68965.0,2260.0,3131.0
430,Missouri,2009,48495377.0,33520704.0,309601.0,341167.0,4894169.0,1024807.0,393464.0,84261.0,2376.0,1621.0
431,Missouri,2010,50039543.0,51592206.0,372696.0,339625.0,4980331.0,1031682.0,354966.0,70058.0,4180.0,1839.0
432,Missouri,2011,50018655.0,57153642.0,314051.0,323996.0,5056567.0,1036402.0,424663.0,69541.0,4319.0,2157.0
433,Missouri,2012,51685772.0,48932262.0,349370.0,350531.0,4591065.0,1042936.0,451395.0,72694.0,7108.0,2509.0
434,Missouri,2013,51290505.0,55289960.0,357938.0,354871.0,3988556.0,1037978.0,417670.0,80356.0,2526.0,2449.0
435,Missouri,2014,51447169.0,58210724.0,323039.0,357905.0,3593436.0,1037340.0,487537.0,81342.0,3264.0,2031.0
436,Missouri,2015,52652230.0,53926206.0,301274.0,352558.0,3561771.0,1052782.0,461147.0,81034.0,3296.0,1797.0
437,Missouri,2016,54096918.0,52638452.0,317802.0,339759.0,3461976.0,1089167.0,507198.0,84046.0,3398.0,1682.0
438,Missouri,2017,55398827.0,61273323.0,325158.0,345435.0,3475191.0,1085049.0,508336.0,77549.0,2817.0,2837.0
439,Missouri,2018,56626595.0,62221412.0,346448.0,344463.0,3821054.0,1091533.0,512498.0,75812.0,1695.0,0.0
440,Missouri,2019,59324962.0,61563536.0,364977.0,355964.0,3902375.0,1114752.0,534405.0,74086.0,3135.0,2785.0
441,Missouri,2020,62086659.0,62377717.0,538899.0,353484.0,4193247.0,1092422.0,553105.0,73766.0,5220.0,3356.0
442,Montana,2004,6198453.0,6985271.0,49984.0,20657.0,1044757.0,385865.0,9090.0,987.0,0.0,0.0
443,Montana,2005,6411523.0,7438360.0,52159.0,25924.0,1072106.0,345111.0,12882.0,1097.0,0.0,0.0
444,Montana,2006,6946605.0,8019721.0,63717.0,29106.0,1165657.0,365397.0,17787.0,1728.0,0.0,0.0
445,Montana,2007,7446231.0,9160780.0,62220.0,17621.0,1224839.0,381463.0,14476.0,1735.0,0.0,0.0
446,Montana,2008,8126517.0,8515325.0,56977.0,24693.0,1282385.0,371257.0,15054.0,1832.0,0.0,0.0
447,Montana,2009,8486811.0,7158599.0,68523.0,25578.0,1397436.0,356206.0,30385.0,2162.0,3697.0,4204.0
448,Montana,2010,9296445.0,9783778.0,53496.0,22826.0,1549361.0,371598.0,33281.0,2310.0,5003.0,4507.0
449,Montana,2011,9323622.0,10281267.0,60593.0,25034.0,1475215.0,373278.0,35575.0,3180.0,7095.0,3608.0
450,Montana,2012,8952597.0,9196570.0,66827.0,31090.0,1374378.0,381678.0,37570.0,3083.0,1029.0,1413.0
451,Montana,2013,9088133.0,10342381.0,67355.0,32216.0,1217980.0,394912.0,37217.0,2953.0,1792.0,1183.0
452,Montana,2014,9295661.0,10758733.0,54962.0,31059.0,1271074.0,367796.0,36123.0,2164.0,1406.0,1286.0
453,Montana,2015,9471049.0,9965767.0,65697.0,32289.0,1299183.0,422972.0,40153.0,1960.0,1277.0,1219.0
454,Montana,2016,9931269.0,9628358.0,57567.0,34308.0,1230930.0,372285.0,40447.0,1878.0,1247.0,1390.0
455,Montana,2017,10996193.0,11562538.0,78498.0,36494.0,1199828.0,429263.0,39321.0,2087.0,1311.0,1860.0
456,Montana,2018,11085571.0,13850228.0,74465.0,38287.0,1251234.0,473529.0,39018.0,2091.0,2861.0,1636.0
457,Montana,2019,11306160.0,11929923.0,64227.0,38064.0,1439310.0,481693.0,43935.0,1990.0,1426.0,1898.0
458,Montana,2020,12097782.0,12081772.0,78480.0,37411.0,1567207.0,482021.0,46676.0,1552.0,1581.0,1786.0
459,Nebraska,2004,14069166.0,15510744.0,74273.0,47142.0,1717562.0,428600.0,30094.0,5795.0,0.0,0.0
460,Nebraska,2005,14332451.0,15904872.0,96347.0,67016.0,1767735.0,432645.0,16273.0,5754.0,0.0,0.0
461,Nebraska,2006,15304612.0,16979550.0,107543.0,68991.0,1821196.0,453035.0,27695.0,5462.0,0.0,0.0
462,Nebraska,2007,16749931.0,18213534.0,85264.0,51922.0,1638594.0,490313.0,29531.0,4507.0,1809.0,0.0
463,Nebraska,2008,17624949.0,17098639.0,88706.0,57132.0,1809618.0,482672.0,39091.0,4952.0,0.0,0.0
464,Nebraska,2009,18830464.0,15857919.0,71678.0,50566.0,2053667.0,477341.0,41778.0,5168.0,0.0,0.0
465,Nebraska,2010,19314748.0,20120741.0,115760.0,50846.0,1964604.0,505299.0,35238.0,4356.0,0.0,0.0
466,Nebraska,2011,19486972.0,21852260.0,94524.0,50189.0,1813169.0,544690.0,35845.0,5651.0,0.0,0.0
467,Nebraska,2012,19931937.0,20465954.0,104119.0,58214.0,1827694.0,566513.0,40308.0,6049.0,0.0,0.0
468,Nebraska,2013,20339190.0,22773517.0,93925.0,57115.0,2029321.0,533279.0,40736.0,6903.0,0.0,0.0
469,Nebraska,2014,20787146.0,23894512.0,105321.0,57969.0,1896409.0,573332.0,48877.0,7035.0,0.0,0.0
470,Nebraska,2015,22024166.0,23204450.0,118637.0,59923.0,2196098.0,576909.0,50023.0,7105.0,0.0,0.0
471,Nebraska,2016,22799753.0,22686088.0,109869.0,65160.0,2412387.0,597206.0,48543.0,7300.0,0.0,0.0
472,Nebraska,2017,23354541.0,24478844.0,102268.0,72710.0,2372174.0,611031.0,44693.0,7178.0,0.0,0.0
473,Nebraska,2018,23569697.0,25284143.0,98242.0,75984.0,2540566.0,644777.0,45505.0,7781.0,0.0,0.0
474,Nebraska,2019,23992127.0,25103579.0,106587.0,81760.0,2582192.0,650103.0,48462.0,7449.0,0.0,0.0
475,Nebraska,2020,25196463.0,27115791.0,99718.0,78224.0,3090495.0,659824.0,50145.0,7453.0,0.0,0.0
476,Nevada,2004,16071443.0,16894724.0,398907.0,279697.0,2250431.0,603525.0,193165.0,81293.0,0.0,0.0
477,Nevada,2005,17404534.0,18953181.0,435157.0,303537.0,2486295.0,648267.0,177181.0,48695.0,0.0,0.0
478,Nevada,2006,18761656.0,20363376.0,460164.0,329034.0,2287172.0,607242.0,150095.0,31198.0,0.0,0.0
479,Nevada,2007,20009336.0,23198414.0,298709.0,380590.0,2885738.0,608415.0,235471.0,59110.0,0.0,0.0
480,Nevada,2008,21454309.0,19991120.0,343643.0,425800.0,2245871.0,594032.0,304438.0,92120.0,0.0,0.0
481,Nevada,2009,22475051.0,16943782.0,355583.0,425754.0,2755994.0,557441.0,297346.0,80953.0,0.0,0.0
482,Nevada,2010,23856105.0,22837869.0,1343345.0,408901.0,2306212.0,544029.0,312966.0,74311.0,0.0,0.0
483,Nevada,2011,23324132.0,25944382.0,935683.0,411790.0,2265531.0,539957.0,358836.0,86634.0,0.0,0.0
484,Nevada,2012,22590045.0,21896058.0,644420.0,398689.0,2707888.0,552744.0,360903.0,78094.0,0.0,0.0
485,Nevada,2013,21760813.0,25469945.0,441543.0,541076.0,2714822.0,581382.0,276497.0,87537.0,0.0,0.0
486,Nevada,2014,22127699.0,26862851.0,383342.0,528265.0,1845498.0,631043.0,266352.0,102446.0,0.0,0.0
487,Nevada,2015,23302108.0,25296262.0,368354.0,540041.0,2176155.0,648540.0,263036.0,94908.0,0.0,0.0
488,Nevada,2016,24326916.0,26301713.0,367202.0,559260.0,2747314.0,711478.0,281825.0,92710.0,0.0,0.0
489,Nevada,2017,26135983.0,31392544.0,324449.0,566528.0,3269450.0,821879.0,297243.0,85386.0,0.0,0.0
490,Nevada,2018,27699535.0,32166189.0,396750.0,699776.0,3377749.0,845346.0,333685.0,86967.0,0.0,0.0
491,Nevada,2019,29888903.0,33911683.0,452722.0,703160.0,3084833.0,885075.0,340564.0,87147.0,0.0,0.0
492,Nevada,2020,33359896.0,34046601.0,485920.0,614466.0,3858651.0,845650.0,315786.0,69775.0,0.0,0.0
493,New Hampshire,2004,8230081.0,8275269.0,28677.0,36760.0,706009.0,293893.0,8018.0,3520.0,280.0,0.0
494,New Hampshire,2005,8679489.0,8910504.0,51779.0,41704.0,717074.0,299346.0,14660.0,3749.0,857.0,0.0
495,New Hampshire,2006,9027582.0,9379379.0,57652.0,42453.0,848029.0,308241.0,14861.0,3827.0,1014.0,0.0
496,New Hampshire,2007,9409318.0,10380416.0,104659.0,49469.0,834222.0,312296.0,13706.0,2469.0,469.0,0.0
497,New Hampshire,2008,9962854.0,9662074.0,117483.0,46294.0,866115.0,346534.0,19056.0,3740.0,1437.0,0.0
498,New Hampshire,2009,10563740.0,9122124.0,83038.0,35716.0,938156.0,352187.0,17175.0,4223.0,1059.0,0.0
499,New Hampshire,2010,11439436.0,11580781.0,53977.0,40563.0,1086968.0,452981.0,16422.0,4025.0,473.0,0.0
500,New Hampshire,2011,11662187.0,12160459.0,53561.0,40228.0,1090760.0,435539.0,20185.0,4449.0,470.0,0.0
501,New Hampshire,2012,11033462.0,10925621.0,40639.0,39088.0,1086938.0,420411.0,14423.0,4428.0,18.0,0.0
502,New Hampshire,2013,11024914.0,12670502.0,36763.0,45492.0,1161753.0,436489.0,20456.0,5028.0,570.0,0.0
503,New Hampshire,2014,11218229.0,12737631.0,51622.0,45283.0,1103873.0,412369.0,26087.0,5122.0,1895.0,0.0
504,New Hampshire,2015,11588223.0,12445892.0,37630.0,47149.0,1008246.0,447602.0,26379.0,5250.0,293.0,0.0
505,New Hampshire,2016,12251373.0,12702773.0,51444.0,47000.0,1008151.0,432349.0,27006.0,5150.0,47.0,0.0
506,New Hampshire,2017,12638642.0,14092924.0,40691.0,42150.0,1079765.0,423990.0,34035.0,5082.0,110.0,0.0
507,New Hampshire,2018,12978227.0,14634910.0,41716.0,39942.0,1055309.0,429290.0,44655.0,5118.0,11.0,0.0
508,New Hampshire,2019,13300450.0,14234368.0,40959.0,37860.0,1058021.0,442430.0,34737.0,9874.0,1102.0,0.0
509,New Hampshire,2020,14181375.0,15192971.0,46479.0,36473.0,1144571.0,418602.0,36660.0,5243.0,0.0,0.0
510,New Jersey,2004,74335925.0,75527008.0,16269.0,12207.0,5043296.0,1914740.0,2295467.0,577720.0,33166.0,17282.0
511,New Jersey,2005,78521937.0,79125811.0,21875.0,13374.0,4854363.0,2127117.0,2330418.0,630525.0,27233.0,21976.0
512,New Jersey,2006,84764121.0,85471684.0,23313.0,15589.0,5572039.0,2116448.0,2339092.0,719783.0,64926.0,24192.0
513,New Jersey,2007,86513739.0,95274237.0,32635.0,16740.0,5574137.0,2237337.0,2064344.0,759373.0,48767.0,24257.0
514,New Jersey,2008,91701630.0,85940600.0,41703.0,17027.0,5973431.0,2251837.0,2765451.0,850546.0,29256.0,25678.0
515,New Jersey,2009,96676621.0,75279085.0,35031.0,16448.0,5924569.0,2312085.0,2848364.0,851854.0,34223.0,21967.0
516,New Jersey,2010,102667354.0,99750649.0,47503.0,16123.0,6505915.0,2668818.0,2785218.0,862349.0,42124.0,17397.0
517,New Jersey,2011,101283266.0,105234452.0,50434.0,20130.0,7266809.0,2633739.0,2225046.0,966752.0,26657.0,18510.0
518,New Jersey,2012,102254837.0,94575250.0,63565.0,20241.0,7660764.0,2703042.0,2401219.0,986295.0,15753.0,19208.0
519,New Jersey,2013,103454241.0,106530965.0,58374.0,20191.0,8739701.0,3181711.0,2835465.0,974311.0,19678.0,18250.0
520,New Jersey,2014,105987764.0,110775877.0,53126.0,19687.0,8850615.0,3231707.0,2874901.0,1016110.0,20440.0,20957.0
521,New Jersey,2015,107297024.0,106468656.0,26075.0,23806.0,8585305.0,3290519.0,2773639.0,1040150.0,76756.0,27759.0
522,New Jersey,2016,109938633.0,103801977.0,24500.0,24407.0,8142254.0,3420898.0,2998561.0,1104997.0,43917.0,31443.0
523,New Jersey,2017,109631056.0,116147229.0,44492.0,25179.0,6694257.0,3511099.0,3010259.0,1108048.0,43939.0,35683.0
524,New Jersey,2018,109679277.0,119121751.0,42972.0,26214.0,6397122.0,3434934.0,2941662.0,1084330.0,39340.0,33124.0
525,New Jersey,2019,114685364.0,120968019.0,39390.0,26389.0,7490679.0,3550525.0,3200519.0,1088435.0,98777.0,27077.0
526,New Jersey,2020,117269385.0,119261406.0,37807.0,26558.0,7028982.0,3503499.0,3504836.0,847530.0,80105.0,28312.0
527,New Mexico,2004,14073992.0,14953000.0,46352.0,65130.0,1178488.0,347620.0,50207.0,4058.0,0.0,0.0
528,New Mexico,2005,15427115.0,16656449.0,59664.0,68186.0,1435637.0,397464.0,80686.0,4225.0,67.0,0.0
529,New Mexico,2006,16248010.0,18464469.0,45799.0,63850.0,1713837.0,457610.0,54508.0,8613.0,0.0,0.0
530,New Mexico,2007,18295711.0,21078142.0,80207.0,73476.0,2113847.0,466063.0,65106.0,5857.0,0.0,0.0
531,New Mexico,2008,19583846.0,16464549.0,91221.0,71485.0,1899719.0,464282.0,89079.0,6415.0,0.0,0.0
532,New Mexico,2009,21170263.0,14181255.0,58656.0,69877.0,2327785.0,368408.0,105015.0,10560.0,0.0,0.0
533,New Mexico,2010,22371619.0,21997665.0,116539.0,77469.0,2024000.0,382155.0,117294.0,10763.0,0.0,0.0
534,New Mexico,2011,22049786.0,24276636.0,85883.0,77818.0,1930775.0,391910.0,124015.0,15875.0,0.0,0.0
535,New Mexico,2012,21048385.0,20049199.0,86912.0,81959.0,1656601.0,446855.0,134720.0,14599.0,0.0,0.0
536,New Mexico,2013,20995199.0,22698430.0,79455.0,80246.0,1717858.0,440759.0,137717.0,17065.0,0.0,0.0
537,New Mexico,2014,21543920.0,24949690.0,81912.0,78547.0,1690266.0,456839.0,129859.0,18950.0,0.0,0.0
538,New Mexico,2015,24516432.0,24177457.0,69117.0,76447.0,1970671.0,459439.0,131077.0,18681.0,0.0,0.0
539,New Mexico,2016,25010518.0,23439253.0,86458.0,76405.0,1510345.0,525822.0,150384.0,18384.0,0.0,0.0
540,New Mexico,2017,24719907.0,25717517.0,86889.0,73731.0,1364696.0,479611.0,171844.0,15575.0,0.0,0.0
541,New Mexico,2018,25220942.0,26052368.0,91282.0,81195.0,1450177.0,469944.0,180366.0,16517.0,0.0,0.0
542,New Mexico,2019,25762392.0,29855007.0,72569.0,66797.0,1600976.0,486845.0,152421.0,18849.0,0.0,0.0
543,New Mexico,2020,27702843.0,28619178.0,80943.0,62800.0,1787590.0,478112.0,186370.0,17058.0,0.0,0.0
544,New York,2004,219339311.0,226415448.0,1757021.0,1903117.0,13105567.0,3810067.0,14076639.0,3795492.0,426271.0,146508.0
545,New York,2005,226866797.0,234689174.0,1527793.0,1987065.0,14280109.0,3958077.0,13453785.0,4049863.0,356380.0,161234.0
546,New York,2006,238559375.0,266105088.0,1784136.0,2135736.0,13691591.0,4171966.0,14101650.0,4330035.0,346210.0,180843.0
547,New York,2007,249934227.0,290806674.0,1873494.0,2187670.0,15120018.0,4304861.0,13609746.0,4516868.0,344554.0,190668.0
548,New York,2008,262283053.0,242109608.0,2078765.0,2384346.0,15280232.0,5426833.0,14244174.0,4474038.0,409900.0,258695.0
549,New York,2009,279339419.0,176161601.0,2144846.0,2524266.0,16125820.0,5634227.0,18146511.0,5002846.0,331784.0,220847.0
550,New York,2010,295466765.0,313781388.0,2214141.0,2511935.0,16798384.0,6027079.0,19356191.0,4978365.0,304459.0,224171.0
551,New York,2011,300754012.0,324444663.0,2021319.0,2613274.0,17468962.0,6494799.0,19175993.0,5198467.0,465869.0,254045.0
552,New York,2012,303235349.0,295740009.0,1703841.0,2681874.0,16121154.0,6798865.0,18727578.0,5639808.0,363440.0,284816.0
553,New York,2013,312859315.0,335360069.0,1854752.0,2741509.0,15590335.0,6991183.0,22744618.0,5751489.0,402095.0,323967.0
554,New York,2014,311657062.0,363429555.0,2050318.0,2709226.0,16571428.0,7262264.0,17458060.0,6223210.0,369703.0,330803.0
555,New York,2015,323977406.0,337829812.0,2244848.0,2871730.0,17303609.0,7451912.0,23238163.0,6467890.0,365707.0,298504.0
556,New York,2016,331888077.0,326701288.0,2586614.0,2926855.0,18743678.0,7743452.0,19677475.0,6802685.0,288787.0,314146.0
557,New York,2017,348447200.0,380000972.0,2367338.0,3069803.0,19650211.0,8079097.0,21652850.0,6801359.0,322773.0,316523.0
558,New York,2018,367456796.0,390622470.0,2742386.0,2833831.0,24744269.0,8159898.0,23353188.0,7272612.0,298353.0,309844.0
559,New York,2019,375228149.0,384382649.0,2869406.0,2861194.0,23001763.0,8340676.0,22163286.0,7012147.0,296665.0,313499.0
560,New York,2020,387676964.0,376214893.0,2815834.0,2843926.0,16698727.0,8342835.0,25506727.0,7205433.0,298227.0,313022.0
561,North Carolina,2004,56687918.0,63458302.0,357326.0,200037.0,5588633.0,1786644.0,466995.0,32100.0,52355.0,29246.0
562,North Carolina,2005,60080384.0,64813231.0,326915.0,237544.0,5748671.0,1887072.0,504182.0,34700.0,55615.0,35016.0
563,North Carolina,2006,63276403.0,68226097.0,357310.0,293339.0,5267729.0,2148166.0,633015.0,40261.0,104929.0,40798.0
564,North Carolina,2007,67184920.0,75790767.0,441129.0,341400.0,5233202.0,2308896.0,642115.0,44577.0,123130.0,39202.0
565,North Carolina,2008,72041692.0,76986215.0,492483.0,392896.0,5592398.0,2281027.0,557762.0,53759.0,60020.0,39731.0
566,North Carolina,2009,76811821.0,58107542.0,596563.0,353072.0,5221030.0,2171386.0,457820.0,62369.0,49618.0,34559.0
567,North Carolina,2010,79954918.0,86699023.0,484742.0,350716.0,5296309.0,2175770.0,477229.0,57383.0,52876.0,33318.0
568,North Carolina,2011,81015696.0,93936852.0,430800.0,389285.0,6043871.0,2316364.0,475437.0,61681.0,30695.0,37319.0
569,North Carolina,2012,83969807.0,83134361.0,371672.0,407641.0,6446482.0,2543183.0,562094.0,74485.0,34463.0,31643.0
570,North Carolina,2013,87271917.0,91172335.0,427537.0,424633.0,6582792.0,2606838.0,567203.0,84134.0,39034.0,37227.0
571,North Carolina,2014,87430843.0,96212647.0,535976.0,450858.0,6806860.0,2654478.0,664071.0,85924.0,39409.0,32212.0
572,North Carolina,2015,87421274.0,91423378.0,432938.0,468718.0,6713948.0,2695550.0,826088.0,72813.0,33529.0,36856.0
573,North Carolina,2016,90475427.0,92593783.0,437645.0,470769.0,7157525.0,2829988.0,930852.0,64425.0,39130.0,39996.0
574,North Carolina,2017,92320411.0,103349844.0,531246.0,501905.0,8243813.0,2949851.0,922071.0,75258.0,35639.0,41320.0
575,North Carolina,2018,95908259.0,103929530.0,620013.0,584788.0,9921793.0,3037970.0,826671.0,64968.0,42786.0,46300.0
576,North Carolina,2019,102440597.0,108607414.0,923597.0,749759.0,11485351.0,3237230.0,774477.0,69774.0,42043.0,48757.0
577,North Carolina,2020,107765251.0,110400823.0,1099707.0,735788.0,10216790.0,3057914.0,845973.0,51421.0,126410.0,57416.0
578,North Dakota,2004,4543185.0,6530004.0,45884.0,16520.0,781158.0,179477.0,5486.0,1409.0,0.0,0.0
579,North Dakota,2005,4794370.0,5239270.0,64458.0,12352.0,847761.0,178378.0,5577.0,1345.0,0.0,0.0
580,North Dakota,2006,4925745.0,5772036.0,36080.0,13897.0,943798.0,211174.0,5285.0,1449.0,0.0,0.0
581,North Dakota,2007,5205527.0,6323369.0,54134.0,18855.0,968420.0,205714.0,10403.0,1295.0,0.0,0.0
582,North Dakota,2008,5610581.0,6577426.0,52274.0,17425.0,1008421.0,240290.0,6905.0,1508.0,0.0,0.0
583,North Dakota,2009,6071733.0,6009151.0,58230.0,22717.0,1121902.0,232713.0,7766.0,1620.0,0.0,0.0
584,North Dakota,2010,6745898.0,7890299.0,57698.0,21038.0,1349072.0,252586.0,8040.0,1885.0,0.0,0.0
585,North Dakota,2011,7198624.0,9678344.0,39063.0,17962.0,1546244.0,284361.0,12265.0,3604.0,0.0,0.0
586,North Dakota,2012,8001295.0,9482954.0,54317.0,19080.0,2163217.0,339609.0,12958.0,3755.0,0.0,0.0
587,North Dakota,2013,8371587.0,11432190.0,53919.0,22025.0,2183918.0,356834.0,12624.0,4256.0,0.0,0.0
588,North Dakota,2014,9198847.0,12355447.0,73239.0,24822.0,2752519.0,382328.0,12865.0,3704.0,0.0,0.0
589,North Dakota,2015,10164127.0,12335260.0,54078.0,25298.0,2782658.0,385950.0,14662.0,3304.0,0.0,0.0
590,North Dakota,2016,10702895.0,9950401.0,64762.0,33218.0,2962707.0,346367.0,15589.0,3212.0,0.0,0.0
591,North Dakota,2017,11084583.0,10626739.0,107747.0,35026.0,2804121.0,336257.0,15807.0,3236.0,0.0,0.0
592,North Dakota,2018,10130128.0,11704200.0,75949.0,35498.0,2298244.0,333763.0,16142.0,3522.0,0.0,0.0
593,North Dakota,2019,10252558.0,12347766.0,174967.0,34522.0,2007598.0,339028.0,18968.0,3671.0,0.0,0.0
594,North Dakota,2020,10922021.0,13207173.0,260390.0,36759.0,1949053.0,330880.0,21739.0,4021.0,0.0,0.0
595,Ohio,2004,89422131.0,105285799.0,441973.0,272355.0,6331032.0,2628803.0,677300.0,97759.0,36579.0,22474.0
596,Ohio,2005,91972028.0,102498149.0,471282.0,296442.0,6834371.0,2798186.0,631942.0,98226.0,18475.0,19927.0
597,Ohio,2006,97552609.0,108392767.0,350666.0,280778.0,7199152.0,3044783.0,670522.0,104500.0,22151.0,15759.0
598,Ohio,2007,100137060.0,121650658.0,403438.0,274537.0,7340754.0,2979020.0,715263.0,109686.0,28863.0,26240.0
599,Ohio,2008,102766554.0,100916833.0,445919.0,281886.0,7374394.0,3112128.0,703014.0,111178.0,23697.0,26515.0
600,Ohio,2009,108039397.0,59953671.0,354903.0,268815.0,7606343.0,2928610.0,822906.0,123985.0,36349.0,42223.0
601,Ohio,2010,113844236.0,123288831.0,353959.0,254941.0,7489270.0,2922600.0,822584.0,127445.0,30738.0,14347.0
602,Ohio,2011,115335366.0,132234270.0,355392.0,264789.0,7728642.0,2871321.0,782464.0,121895.0,30016.0,19665.0
603,Ohio,2012,112878250.0,105097804.0,448230.0,278822.0,8388504.0,2833362.0,738314.0,135673.0,19416.0,30272.0
604,Ohio,2013,112807907.0,125081879.0,377138.0,281954.0,8064892.0,2879915.0,853421.0,230987.0,23233.0,19605.0
605,Ohio,2014,117537652.0,132851287.0,379076.0,303080.0,8616286.0,3021987.0,821874.0,135117.0,29950.0,23467.0
606,Ohio,2015,120554257.0,121449002.0,336823.0,288087.0,9315247.0,3123657.0,846937.0,136339.0,23990.0,25669.0
607,Ohio,2016,125102865.0,117027357.0,352674.0,300990.0,9516398.0,3107813.0,858055.0,131761.0,34242.0,26202.0
608,Ohio,2017,129864027.0,139071079.0,376458.0,321942.0,9814724.0,3313654.0,938493.0,131519.0,33574.0,20337.0
609,Ohio,2018,131656588.0,144072109.0,341314.0,315338.0,9648076.0,3202340.0,984127.0,136313.0,29483.0,20646.0
610,Ohio,2019,135718031.0,130284397.0,390430.0,333516.0,9732050.0,3288692.0,795542.0,121865.0,26035.0,21242.0
611,Ohio,2020,145981196.0,155504317.0,398176.0,314189.0,10429313.0,3813556.0,866185.0,118922.0,25920.0,29028.0
612,Oklahoma,2004,20970119.0,24097799.0,152072.0,96547.0,1968116.0,1181155.0,59223.0,5507.0,5674.0,4052.0
613,Oklahoma,2005,22043622.0,24552073.0,158821.0,81883.0,1933223.0,1186770.0,99365.0,4520.0,5253.0,3978.0
614,Oklahoma,2006,24002023.0,26801915.0,197522.0,89106.0,2229382.0,1171467.0,96330.0,7415.0,2979.0,4411.0
615,Oklahoma,2007,26036020.0,30182205.0,219623.0,92624.0,2677423.0,1230916.0,100114.0,7921.0,7979.0,5120.0
616,Oklahoma,2008,27471420.0,26830676.0,179615.0,82749.0,3123603.0,1248954.0,103438.0,8047.0,2723.0,6580.0
617,Oklahoma,2009,30119765.0,26388380.0,136910.0,94954.0,3487796.0,1242939.0,96405.0,8011.0,2699.0,4382.0
618,Oklahoma,2010,31337916.0,32939014.0,111035.0,74441.0,3712804.0,1236296.0,95293.0,15730.0,4832.0,6104.0
619,Oklahoma,2011,30785762.0,35520543.0,134990.0,80857.0,4040803.0,1334506.0,78761.0,13118.0,5755.0,6983.0
620,Oklahoma,2012,31373597.0,32501919.0,139863.0,106224.0,3699113.0,1361400.0,68242.0,13106.0,11144.0,8168.0
621,Oklahoma,2013,32115440.0,36272558.0,160193.0,108385.0,3599777.0,1343375.0,64213.0,13280.0,8071.0,8513.0
622,Oklahoma,2014,33402937.0,37897987.0,162334.0,111515.0,3890150.0,1469540.0,83412.0,14798.0,10029.0,8460.0
623,Oklahoma,2015,33578750.0,35103140.0,180816.0,102684.0,4300347.0,1466419.0,75632.0,8202.0,9882.0,8447.0
624,Oklahoma,2016,34390672.0,32751945.0,189137.0,97877.0,4268488.0,1484011.0,84055.0,7397.0,14703.0,7605.0
625,Oklahoma,2017,34889473.0,37172680.0,165959.0,108781.0,4276439.0,1495154.0,100269.0,10157.0,8294.0,8105.0
626,Oklahoma,2018,35177555.0,37924606.0,133712.0,116782.0,4249253.0,1565014.0,87924.0,9541.0,7490.0,8015.0
627,Oklahoma,2019,36168441.0,39503872.0,146724.0,115601.0,4696198.0,1679387.0,116736.0,8564.0,7497.0,8556.0
628,Oklahoma,2020,38216871.0,41478732.0,180806.0,117587.0,4994348.0,1729585.0,115391.0,7784.0,9758.0,10624.0
629,Oregon,2004,28013928.0,33733989.0,155876.0,195152.0,1954351.0,924350.0,471475.0,84782.0,82701.0,91545.0
630,Oregon,2005,29084143.0,32405807.0,183414.0,206624.0,2487298.0,911657.0,479436.0,97207.0,111943.0,78078.0
631,Oregon,2006,30614233.0,36219515.0,180086.0,211679.0,2715098.0,1001948.0,516451.0,97009.0,129881.0,74900.0
632,Oregon,2007,32295007.0,41858312.0,180802.0,222568.0,2953232.0,986687.0,625596.0,90127.0,119594.0,92444.0
633,Oregon,2008,34616793.0,29209082.0,257328.0,236248.0,2832536.0,1017265.0,821506.0,114374.0,183385.0,112560.0
634,Oregon,2009,37557921.0,19359961.0,416070.0,221343.0,2737462.0,946207.0,739896.0,114237.0,196573.0,116474.0
635,Oregon,2010,39505823.0,41031133.0,394498.0,222849.0,3253552.0,1006382.0,659581.0,107438.0,137784.0,90198.0
636,Oregon,2011,39902097.0,47034124.0,258285.0,232202.0,2964431.0,1156471.0,643084.0,119365.0,127720.0,85734.0
637,Oregon,2012,43967780.0,38746826.0,226232.0,241833.0,2984653.0,1197337.0,836999.0,126111.0,160373.0,76427.0
638,Oregon,2013,43814025.0,47393191.0,252984.0,248678.0,2888107.0,1155601.0,994283.0,138192.0,126583.0,71710.0
639,Oregon,2014,47097541.0,50945931.0,238767.0,272884.0,3040563.0,1183616.0,979905.0,136449.0,116692.0,73039.0
640,Oregon,2015,49097293.0,49207592.0,253334.0,290341.0,2982013.0,1237021.0,865157.0,144214.0,103745.0,78842.0
641,Oregon,2016,51888207.0,47935969.0,314530.0,321279.0,3024872.0,1244371.0,877328.0,148483.0,116829.0,87636.0
642,Oregon,2017,52986723.0,58064125.0,364946.0,340575.0,2988005.0,1289517.0,962370.0,140431.0,142028.0,137380.0
643,Oregon,2018,56136292.0,59746060.0,399337.0,351668.0,2934959.0,1318454.0,954221.0,140450.0,137316.0,91324.0
644,Oregon,2019,60033734.0,62438661.0,429821.0,360670.0,3222382.0,1395517.0,1027199.0,143922.0,135642.0,111625.0
645,Oregon,2020,65714162.0,60946595.0,590052.0,310904.0,3479726.0,1354041.0,1078648.0,136079.0,157692.0,100522.0
646,Pennsylvania,2004,94349754.0,102238217.0,380362.0,442788.0,6215503.0,3167749.0,1752660.0,510535.0,27561.0,7115.0
647,Pennsylvania,2005,101484001.0,103692261.0,418390.0,485464.0,10843846.0,3484283.0,1810357.0,458809.0,15829.0,7884.0
648,Pennsylvania,2006,104316188.0,109082917.0,402989.0,479714.0,10245070.0,3719045.0,1917167.0,495269.0,30896.0,7641.0
649,Pennsylvania,2007,108218734.0,121481185.0,545691.0,499578.0,10745416.0,3792073.0,2025113.0,513681.0,48364.0,8233.0
650,Pennsylvania,2008,113480790.0,109653201.0,491292.0,489237.0,11837579.0,3762680.0,2192888.0,560087.0,67308.0,8165.0
651,Pennsylvania,2009,120631733.0,74405648.0,400792.0,487614.0,13853142.0,3705078.0,2291103.0,590346.0,97315.0,18199.0
652,Pennsylvania,2010,130085307.0,124378562.0,540066.0,521690.0,14112636.0,3737124.0,2484163.0,573420.0,69053.0,21530.0
653,Pennsylvania,2011,131394328.0,133655826.0,460266.0,519970.0,14860326.0,3870141.0,2562558.0,625075.0,76703.0,18780.0
654,Pennsylvania,2012,129326834.0,117295153.0,426947.0,515105.0,14570458.0,4236128.0,2402710.0,599250.0,181574.0,10773.0
655,Pennsylvania,2013,131347484.0,133908930.0,586178.0,555853.0,14436245.0,4261095.0,2401752.0,643648.0,68176.0,11088.0
656,Pennsylvania,2014,133325714.0,134364660.0,493570.0,542761.0,13579710.0,4504863.0,2404709.0,663370.0,71535.0,11761.0
657,Pennsylvania,2015,135745814.0,131826544.0,555867.0,561857.0,15938827.0,5112446.0,2506548.0,688261.0,72639.0,12199.0
658,Pennsylvania,2016,143821089.0,134706521.0,603051.0,563304.0,17541231.0,5472372.0,2681234.0,681995.0,78362.0,13412.0
659,Pennsylvania,2017,151316335.0,149777715.0,656743.0,559086.0,16118977.0,5791952.0,2779680.0,659600.0,14665.0,2397.0
660,Pennsylvania,2018,152630771.0,158871985.0,672094.0,609751.0,18207077.0,6356003.0,2942262.0,687429.0,100459.0,18724.0
661,Pennsylvania,2019,160250965.0,157636535.0,698367.0,606710.0,19110358.0,6478656.0,2768288.0,679426.0,13001.0,2849.0
662,Pennsylvania,2020,174154422.0,169743913.0,753367.0,514420.0,18212297.0,6167399.0,2710547.0,546832.0,15285.0,2891.0
663,Rhode Island,2004,8917740.0,9701058.0,44834.0,55180.0,577733.0,203457.0,94053.0,21952.0,8720.0,271.0
664,Rhode Island,2005,9226429.0,9731402.0,48417.0,60009.0,597465.0,200399.0,110149.0,27664.0,5254.0,456.0
665,Rhode Island,2006,9587306.0,10134778.0,75847.0,61389.0,627260.0,204038.0,128663.0,30117.0,918.0,965.0
666,Rhode Island,2007,10010607.0,11279273.0,142321.0,63635.0,514149.0,199305.0,125081.0,31646.0,1552.0,977.0
667,Rhode Island,2008,10567245.0,9444261.0,274353.0,71810.0,412300.0,193480.0,139494.0,32643.0,1925.0,1348.0
668,Rhode Island,2009,10749716.0,7666105.0,176135.0,68143.0,389178.0,190212.0,148812.0,34010.0,2001.0,1154.0
669,Rhode Island,2010,11303070.0,11726388.0,143606.0,64706.0,481393.0,196754.0,159045.0,27697.0,2289.0,1178.0
670,Rhode Island,2011,11483065.0,12729640.0,217700.0,58466.0,499944.0,197461.0,239169.0,31090.0,1691.0,1430.0
671,Rhode Island,2012,11468561.0,11393466.0,52662.0,55878.0,762672.0,175331.0,110896.0,33338.0,3328.0,2967.0
672,Rhode Island,2013,11356832.0,12589181.0,41169.0,50321.0,677417.0,211100.0,115915.0,33239.0,2172.0,1625.0
673,Rhode Island,2014,11792125.0,12670322.0,66690.0,51544.0,757982.0,202654.0,116943.0,33031.0,2396.0,1377.0
674,Rhode Island,2015,12261929.0,12357380.0,93314.0,53523.0,705926.0,150628.0,109612.0,24588.0,2343.0,1355.0
675,Rhode Island,2016,12529527.0,12297022.0,58947.0,55793.0,701631.0,160854.0,110092.0,22692.0,3492.0,1340.0
676,Rhode Island,2017,12869280.0,13334939.0,75113.0,65419.0,729846.0,163703.0,121229.0,23425.0,2720.0,1596.0
677,Rhode Island,2018,13227466.0,13400992.0,50865.0,71853.0,846858.0,157746.0,116975.0,23249.0,2554.0,1645.0
678,Rhode Island,2019,13673503.0,13499081.0,33775.0,63767.0,1083449.0,163610.0,128795.0,24817.0,2502.0,1656.0
679,Rhode Island,2020,14506733.0,14644994.0,39530.0,51093.0,1271873.0,160395.0,131106.0,22396.0,8304.0,1526.0
680,South Carolina,2004,30573745.0,31119386.0,75635.0,74179.0,2666344.0,693966.0,42685.0,11943.0,95521.0,116834.0
681,South Carolina,2005,33012338.0,33278454.0,115288.0,80969.0,2705415.0,698210.0,35405.0,12993.0,109541.0,138385.0
682,South Carolina,2006,34241052.0,34702705.0,105329.0,89509.0,2722672.0,751877.0,41759.0,14381.0,116199.0,157823.0
683,South Carolina,2007,36968652.0,38912834.0,110829.0,98707.0,2146166.0,857203.0,79148.0,13523.0,157165.0,154214.0
684,South Carolina,2008,39734654.0,35329048.0,117807.0,99674.0,2154463.0,835127.0,76361.0,13128.0,149040.0,165505.0
685,South Carolina,2009,42137565.0,32283538.0,114226.0,94773.0,2017444.0,833296.0,84743.0,13843.0,140764.0,137104.0
686,South Carolina,2010,42800177.0,42508501.0,143440.0,97472.0,2563305.0,820310.0,83401.0,16291.0,132062.0,114415.0
687,South Carolina,2011,42570212.0,45753442.0,140521.0,103412.0,2417255.0,828432.0,88884.0,12414.0,130335.0,128582.0
688,South Carolina,2012,41499897.0,39556268.0,167356.0,111642.0,2494816.0,900809.0,91099.0,20689.0,148133.0,131648.0
689,South Carolina,2013,42372449.0,43811192.0,192525.0,101568.0,1967312.0,898980.0,82777.0,19276.0,187578.0,141040.0
690,South Carolina,2014,44179663.0,47661015.0,200491.0,105490.0,2279201.0,924715.0,68529.0,14701.0,204102.0,164717.0
691,South Carolina,2015,45918121.0,46795744.0,226107.0,102325.0,2434782.0,946452.0,69446.0,17015.0,182170.0,197430.0
692,South Carolina,2016,47427647.0,46702477.0,222843.0,91200.0,2907013.0,1006653.0,68308.0,18447.0,288293.0,211877.0
693,South Carolina,2017,50089068.0,52307934.0,203207.0,125146.0,3751516.0,1089915.0,97536.0,21356.0,372039.0,233983.0
694,South Carolina,2018,51898285.0,53619248.0,151086.0,131078.0,3871184.0,1258887.0,87625.0,20022.0,401950.0,252013.0
695,South Carolina,2019,53107706.0,54319091.0,220675.0,154059.0,3715954.0,1399596.0,112275.0,21206.0,444856.0,294694.0
696,South Carolina,2020,56241395.0,55773111.0,226381.0,173614.0,3968772.0,1410104.0,101094.0,17514.0,495837.0,292594.0
697,South Dakota,2004,4659617.0,5592781.0,15945.0,9146.0,967781.0,195585.0,6225.0,1034.0,0.0,0.0
698,South Dakota,2005,4973020.0,5856731.0,24124.0,9723.0,1019376.0,200089.0,7104.0,1077.0,0.0,0.0
699,South Dakota,2006,5209772.0,6055554.0,17895.0,5166.0,1083750.0,191973.0,7721.0,1114.0,0.0,0.0
700,South Dakota,2007,5580937.0,7045576.0,33650.0,9051.0,1179684.0,191863.0,9091.0,1300.0,0.0,7.0
701,South Dakota,2008,5870383.0,5206966.0,25514.0,11531.0,1086007.0,197920.0,9350.0,1040.0,0.0,9.0
702,South Dakota,2009,6489782.0,4520377.0,39943.0,10891.0,1199198.0,184499.0,9528.0,1447.0,0.0,0.0
703,South Dakota,2010,6844936.0,6940774.0,51575.0,10093.0,1249929.0,200541.0,13318.0,1382.0,0.0,0.0
704,South Dakota,2011,7069249.0,8454486.0,42050.0,10950.0,1480509.0,202973.0,12715.0,1423.0,0.0,0.0
705,South Dakota,2012,7012056.0,6841455.0,57515.0,12454.0,1517907.0,226676.0,9941.0,1530.0,0.0,0.0
706,South Dakota,2013,7169312.0,8383992.0,61581.0,13419.0,1518105.0,235151.0,11187.0,1274.0,0.0,0.0
707,South Dakota,2014,7365174.0,8817379.0,38381.0,14362.0,1476367.0,242761.0,12444.0,1269.0,0.0,0.0
708,South Dakota,2015,7560210.0,7526089.0,42114.0,16092.0,1413725.0,257485.0,11402.0,1206.0,0.0,0.0
709,South Dakota,2016,7968349.0,7345444.0,44712.0,17155.0,1664242.0,310565.0,13322.0,1321.0,0.0,0.0
710,South Dakota,2017,8021923.0,9090413.0,34605.0,18051.0,1529986.0,317344.0,9311.0,1064.0,0.0,0.0
711,South Dakota,2018,8157347.0,8789685.0,32046.0,19838.0,1467190.0,316740.0,13172.0,1048.0,0.0,0.0
712,South Dakota,2019,8271415.0,8517649.0,45865.0,20503.0,1547868.0,325181.0,13848.0,962.0,0.0,0.0
713,South Dakota,2020,8751771.0,9837016.0,42856.0,21350.0,1905423.0,330557.0,11555.0,991.0,0.0,0.0
714,Tennessee,2004,41948287.0,42075025.0,163778.0,207087.0,2880520.0,1214200.0,137988.0,28566.0,1049.0,1301.0
715,Tennessee,2005,42800484.0,44888233.0,222896.0,239316.0,3069560.0,1240932.0,151212.0,27289.0,2345.0,2947.0
716,Tennessee,2006,44410146.0,47231559.0,260003.0,249177.0,3523282.0,1276531.0,173071.0,29630.0,4302.0,3136.0
717,Tennessee,2007,49274434.0,52617009.0,281135.0,260536.0,3712140.0,1282665.0,177653.0,30736.0,4947.0,5036.0
718,Tennessee,2008,49559630.0,48191290.0,311484.0,273097.0,3286348.0,1295770.0,201824.0,33389.0,3379.0,3079.0
719,Tennessee,2009,52757800.0,42002495.0,352210.0,273252.0,4342428.0,1228198.0,252531.0,37361.0,3537.0,4940.0
720,Tennessee,2010,53553859.0,54296713.0,446091.0,276338.0,3482068.0,1234009.0,246309.0,34880.0,4241.0,4620.0
721,Tennessee,2011,55242375.0,60288525.0,531378.0,289762.0,3690711.0,1271621.0,246144.0,36426.0,3454.0,4778.0
722,Tennessee,2012,55663532.0,54133354.0,384519.0,286096.0,3750178.0,1271800.0,263217.0,38092.0,11183.0,4451.0
723,Tennessee,2013,54769506.0,57703960.0,383335.0,310728.0,3719378.0,1282188.0,248319.0,41860.0,8559.0,3355.0
724,Tennessee,2014,56222815.0,59978454.0,364230.0,332700.0,3708551.0,1303705.0,237565.0,46859.0,2566.0,2751.0
725,Tennessee,2015,56716704.0,56248062.0,407897.0,353721.0,3388516.0,1325815.0,227354.0,43990.0,1252.0,2923.0
726,Tennessee,2016,57765304.0,56600967.0,398664.0,355588.0,3429352.0,1391214.0,219918.0,43203.0,2541.0,2800.0
727,Tennessee,2017,62123572.0,72164257.0,467573.0,371146.0,3449674.0,1407141.0,248673.0,44168.0,1252.0,3003.0
728,Tennessee,2018,62774989.0,69086130.0,484641.0,408485.0,3955919.0,1623203.0,250009.0,42600.0,2113.0,3128.0
729,Tennessee,2019,65801910.0,69732012.0,746199.0,431298.0,4265564.0,1719382.0,301878.0,58514.0,1519.0,2764.0
730,Tennessee,2020,67876915.0,67702300.0,1009157.0,410858.0,4613161.0,1740990.0,302769.0,50057.0,1458.0,2701.0
731,Texas,2004,144689584.0,153611993.0,1980402.0,897177.0,13871634.0,5037161.0,1424381.0,148507.0,213803.0,205491.0
732,Texas,2005,151960250.0,162806313.0,1903176.0,1051964.0,16662948.0,5165406.0,1385234.0,150526.0,251143.0,216643.0
733,Texas,2006,161086427.0,177114769.0,1458298.0,1198471.0,18656125.0,5390875.0,1465448.0,158171.0,361261.0,249065.0
734,Texas,2007,171197374.0,194800559.0,1425392.0,1341103.0,19699568.0,5661942.0,1728392.0,183735.0,437480.0,266060.0
735,Texas,2008,190625065.0,171630060.0,1406321.0,1475596.0,24889619.0,5841241.0,1997297.0,190601.0,421572.0,308617.0
736,Texas,2009,203950009.0,171739630.0,1676127.0,1573776.0,17425883.0,5834303.0,2428733.0,208103.0,407607.0,319114.0
737,Texas,2010,218807086.0,209930381.0,1803428.0,1480899.0,16553651.0,5942993.0,2734334.0,229895.0,457512.0,284006.0
738,Texas,2011,221155931.0,224865846.0,1457478.0,1508237.0,17388934.0,6159935.0,2997925.0,259052.0,447899.0,310210.0
739,Texas,2012,218287685.0,212050073.0,1528324.0,1575030.0,18335551.0,6766613.0,2783194.0,258859.0,363095.0,361823.0
740,Texas,2013,220736081.0,233292946.0,1672282.0,1629746.0,20776050.0,7076175.0,2770097.0,273561.0,398595.0,383250.0
741,Texas,2014,230700794.0,253112113.0,1918078.0,1724535.0,20427028.0,7462035.0,2784780.0,284754.0,460392.0,398305.0
742,Texas,2015,241188809.0,235372235.0,2076797.0,1888557.0,20458490.0,7738496.0,2715585.0,285523.0,459430.0,432276.0
743,Texas,2016,251601569.0,247566135.0,2145429.0,2000330.0,22699436.0,8085533.0,2598085.0,291332.0,515264.0,485472.0
744,Texas,2017,263184510.0,274917850.0,2057032.0,2085151.0,25057395.0,8387759.0,2551500.0,277341.0,598421.0,502842.0
745,Texas,2018,280220497.0,292205440.0,1993207.0,2195823.0,38303219.0,8634046.0,2916106.0,270559.0,601857.0,556004.0
746,Texas,2019,294398830.0,291325245.0,1957637.0,2368271.0,41734517.0,8844599.0,3035321.0,277722.0,727191.0,644883.0
747,Texas,2020,312358617.0,333016556.0,2156097.0,2489114.0,32724648.0,8532563.0,3096276.0,273849.0,821703.0,702667.0
748,Utah,2004,16706672.0,18916689.0,156381.0,142333.0,1577553.0,481614.0,225328.0,25307.0,0.0,0.0
749,Utah,2005,17247138.0,19182905.0,151268.0,183482.0,1456212.0,496883.0,186496.0,18007.0,0.0,0.0
750,Utah,2006,18507509.0,20773341.0,171672.0,195793.0,1762680.0,496679.0,268930.0,18957.0,0.0,0.0
751,Utah,2007,19981778.0,23387596.0,173731.0,214635.0,1865264.0,718920.0,402180.0,26679.0,0.0,0.0
752,Utah,2008,22198697.0,22981370.0,193752.0,232341.0,2308456.0,696385.0,498519.0,27984.0,0.0,0.0
753,Utah,2009,24040359.0,16533627.0,199031.0,197437.0,2764159.0,645298.0,783436.0,37402.0,0.0,0.0
754,Utah,2010,24552266.0,24148567.0,204171.0,168956.0,3297618.0,678982.0,825930.0,37693.0,0.0,0.0
755,Utah,2011,24972979.0,25369618.0,194188.0,179483.0,3156420.0,565598.0,767201.0,39282.0,0.0,0.0
756,Utah,2012,25852787.0,24195493.0,143664.0,191484.0,3745854.0,534368.0,623960.0,47154.0,0.0,0.0
757,Utah,2013,25681353.0,27396445.0,163464.0,206021.0,2604424.0,543093.0,540041.0,50317.0,0.0,0.0
758,Utah,2014,25672441.0,28243449.0,186018.0,192602.0,2011233.0,556593.0,446017.0,56058.0,0.0,0.0
759,Utah,2015,26724492.0,27977602.0,241306.0,196789.0,2438192.0,564809.0,414935.0,56697.0,0.0,0.0
760,Utah,2016,28056194.0,27788917.0,273035.0,207946.0,2375898.0,617125.0,391312.0,59266.0,0.0,0.0
761,Utah,2017,30149141.0,31869938.0,432159.0,222767.0,2811243.0,725669.0,437835.0,58474.0,0.0,0.0
762,Utah,2018,32372210.0,36239004.0,680209.0,233385.0,3073730.0,804928.0,541488.0,61443.0,0.0,0.0
763,Utah,2019,35276384.0,34524394.0,864274.0,258214.0,3386429.0,837612.0,578434.0,65182.0,0.0,0.0
764,Utah,2020,37873924.0,39948194.0,954074.0,229160.0,4099705.0,747512.0,508627.0,63378.0,0.0,0.0
765,Vermont,2004,4812173.0,5265774.0,14268.0,10055.0,438938.0,154776.0,13204.0,3860.0,0.0,0.0
766,Vermont,2005,5172243.0,5392814.0,22193.0,12885.0,490135.0,152640.0,34248.0,3491.0,25.0,0.0
767,Vermont,2006,5371822.0,5731946.0,26785.0,13356.0,507983.0,151611.0,37262.0,4074.0,125.0,76.0
768,Vermont,2007,5819088.0,6370626.0,25210.0,13827.0,612350.0,169317.0,39434.0,4482.0,0.0,0.0
769,Vermont,2008,6065792.0,6083481.0,21017.0,14759.0,592986.0,177138.0,46109.0,2899.0,21.0,45.0
770,Vermont,2009,6373365.0,5537498.0,29704.0,15281.0,677044.0,154379.0,54767.0,4102.0,19.0,39.0
771,Vermont,2010,6781156.0,7016282.0,44241.0,14442.0,771252.0,178756.0,55794.0,3941.0,34.0,39.0
772,Vermont,2011,6913714.0,7572355.0,93361.0,16429.0,868963.0,176365.0,28701.0,4112.0,26.0,45.0
773,Vermont,2012,7089172.0,6866094.0,30806.0,17298.0,904421.0,182298.0,30540.0,5325.0,0.0,0.0
774,Vermont,2013,7231139.0,7404430.0,25638.0,17789.0,788382.0,185100.0,29333.0,5151.0,0.0,0.0
775,Vermont,2014,7534817.0,7739387.0,32463.0,19343.0,854554.0,183892.0,29577.0,5054.0,0.0,0.0
776,Vermont,2015,7756592.0,7615232.0,37220.0,19554.0,946411.0,166271.0,31468.0,5574.0,0.0,0.0
777,Vermont,2016,7979012.0,7809095.0,42949.0,19050.0,864593.0,160109.0,31606.0,5578.0,0.0,0.0
778,Vermont,2017,7959781.0,8164131.0,40221.0,18817.0,862768.0,168700.0,32398.0,5144.0,0.0,0.0
779,Vermont,2018,8260042.0,8338330.0,41050.0,21123.0,920647.0,208845.0,35369.0,4677.0,0.0,0.0
780,Vermont,2019,8723437.0,8567527.0,44535.0,21906.0,952361.0,206462.0,32989.0,5250.0,0.0,0.0
781,Vermont,2020,9567730.0,9796093.0,35892.0,18387.0,1011055.0,197877.0,36279.0,4553.0,0.0,0.0
782,Virginia,2004,47782335.0,54078178.0,698018.0,555689.0,3790522.0,1569610.0,255808.0,63457.0,299818.0,179501.0
783,Virginia,2005,51529114.0,56657747.0,765045.0,617093.0,4141527.0,1595256.0,334981.0,70676.0,299158.0,224360.0
784,Virginia,2006,55853093.0,61743729.0,1036530.0,670994.0,3998956.0,1651255.0,390193.0,83836.0,279016.0,249105.0
785,Virginia,2007,59067521.0,70457996.0,1225626.0,671170.0,4182707.0,1641340.0,371500.0,86308.0,292803.0,250049.0
786,Virginia,2008,63325231.0,58165871.0,1269065.0,626493.0,4973996.0,1680153.0,483852.0,101688.0,332049.0,258831.0
787,Virginia,2009,65256658.0,46826787.0,1314120.0,665762.0,4898869.0,1585560.0,533826.0,95901.0,243848.0,209205.0
788,Virginia,2010,67672601.0,71093344.0,1176589.0,729240.0,4583049.0,1552251.0,522291.0,100913.0,259162.0,204062.0
789,Virginia,2011,69361736.0,76497579.0,1263411.0,797087.0,5497408.0,1685283.0,552235.0,113081.0,352511.0,278441.0
790,Virginia,2012,71330848.0,67456925.0,686271.0,781752.0,6615340.0,1754716.0,1073920.0,116444.0,396235.0,299431.0
791,Virginia,2013,73751231.0,77699409.0,710949.0,806915.0,6120514.0,1871906.0,1155596.0,115227.0,349039.0,341003.0
792,Virginia,2014,75621799.0,81057467.0,732204.0,939560.0,6553637.0,1686389.0,924212.0,127001.0,386652.0,384715.0
793,Virginia,2015,78134213.0,78617973.0,675848.0,949675.0,7745644.0,1823662.0,914009.0,130721.0,427551.0,441925.0
794,Virginia,2016,80899053.0,79074530.0,678437.0,998352.0,8511258.0,1978447.0,1216538.0,134372.0,451862.0,440185.0
795,Virginia,2017,83592064.0,89000527.0,683181.0,1017937.0,7665827.0,2119301.0,1460658.0,150507.0,596446.0,479364.0
796,Virginia,2018,86678064.0,87945512.0,752255.0,1006719.0,8859518.0,2701360.0,1486856.0,154505.0,615251.0,521921.0
797,Virginia,2019,90846402.0,97606534.0,871075.0,1066663.0,8987572.0,2232937.0,1517267.0,157049.0,577216.0,552492.0
798,Virginia,2020,97890236.0,100686538.0,916351.0,1101701.0,9011197.0,2308725.0,1622152.0,131697.0,510873.0,496994.0
799,Washington,2004,54357830.0,54566467.0,632327.0,331455.0,4372747.0,1461696.0,1324395.0,181352.0,451779.0,260513.0
800,Washington,2005,55800229.0,57509924.0,700468.0,376097.0,4584046.0,1487946.0,1908561.0,206477.0,428669.0,265284.0
801,Washington,2006,56510914.0,63032457.0,801703.0,414473.0,4874397.0,1666573.0,1597434.0,234199.0,408392.0,287355.0
802,Washington,2007,62127822.0,71996843.0,623705.0,461743.0,5987076.0,1836993.0,1835399.0,257487.0,587000.0,310004.0
803,Washington,2008,66530241.0,63025517.0,603158.0,489964.0,6538828.0,1958165.0,1904494.0,282260.0,520117.0,335031.0
804,Washington,2009,72488406.0,51019324.0,521904.0,501143.0,6973055.0,1938748.0,2060766.0,297187.0,582178.0,336862.0
805,Washington,2010,75167279.0,71622880.0,500025.0,469775.0,7443248.0,1977751.0,2040846.0,338813.0,467726.0,340523.0
806,Washington,2011,75428147.0,78340816.0,440441.0,492264.0,6854807.0,2023737.0,2016956.0,376590.0,480734.0,367756.0
807,Washington,2012,74928968.0,69547231.0,444363.0,524690.0,6794523.0,2061408.0,2436818.0,416639.0,500374.0,425233.0
808,Washington,2013,73208833.0,78644203.0,469412.0,554527.0,6662708.0,2191435.0,2135362.0,433206.0,424736.0,433247.0
809,Washington,2014,77626252.0,86312385.0,549642.0,599519.0,6512691.0,2239030.0,2151090.0,447143.0,453210.0,442207.0
810,Washington,2015,82180083.0,82524930.0,513316.0,596720.0,6492811.0,2389404.0,2372866.0,467248.0,551061.0,482524.0
811,Washington,2016,86684449.0,85279112.0,577310.0,630174.0,6542179.0,2713012.0,2601927.0,502850.0,492416.0,501017.0
812,Washington,2017,91784590.0,100406872.0,587339.0,700207.0,6697933.0,3112832.0,2965588.0,565502.0,573334.0,630140.0
813,Washington,2018,96185374.0,107279244.0,706579.0,741910.0,6557321.0,3586574.0,3199580.0,598179.0,501984.0,573131.0
814,Washington,2019,100677821.0,106904661.0,1162148.0,809553.0,7234513.0,3341689.0,3534258.0,621906.0,628762.0,657233.0
815,Washington,2020,112283036.0,110940791.0,1074166.0,853319.0,7739794.0,2942406.0,4240869.0,645032.0,691834.0,677659.0
816,West Virginia,2004,12201294.0,13596442.0,32114.0,15211.0,1539956.0,468641.0,53079.0,5208.0,557.0,0.0
817,West Virginia,2005,12109660.0,14586656.0,35121.0,17259.0,1618731.0,488866.0,52082.0,5320.0,1148.0,0.0
818,West Virginia,2006,12377056.0,14043727.0,45071.0,18125.0,1761390.0,492253.0,42118.0,5407.0,495.0,0.0
819,West Virginia,2007,12993317.0,15317628.0,42676.0,21446.0,1681955.0,516654.0,47616.0,6253.0,312.0,0.0
820,West Virginia,2008,13614864.0,13674989.0,44134.0,22903.0,1742988.0,570011.0,47641.0,6730.0,391.0,0.0
821,West Virginia,2009,14567256.0,14258617.0,80235.0,25154.0,2112276.0,549360.0,47173.0,7834.0,342.0,0.0
822,West Virginia,2010,15684648.0,16993364.0,58486.0,24659.0,2001020.0,495169.0,51797.0,10010.0,353.0,0.0
823,West Virginia,2011,16383046.0,18725223.0,57128.0,30084.0,2124832.0,506160.0,49351.0,9277.0,512.0,0.0
824,West Virginia,2012,16483223.0,17031593.0,59625.0,33743.0,2099702.0,499368.0,49773.0,11405.0,1072.0,0.0
825,West Virginia,2013,16583062.0,18230024.0,55632.0,31279.0,1872748.0,518413.0,48056.0,10287.0,4623.0,0.0
826,West Virginia,2014,16668678.0,18867153.0,48096.0,32724.0,1942403.0,550847.0,54169.0,10038.0,2403.0,0.0
827,West Virginia,2015,17573509.0,17382828.0,62186.0,28283.0,1622522.0,544753.0,56426.0,10720.0,13932.0,0.0
828,West Virginia,2016,18367067.0,16985026.0,48688.0,29671.0,1924777.0,501895.0,57065.0,10502.0,9388.0,0.0
829,West Virginia,2017,18160280.0,19594161.0,41318.0,29536.0,1862528.0,511231.0,58435.0,12945.0,916.0,0.0
830,West Virginia,2018,18192604.0,19061154.0,55021.0,31714.0,1942635.0,568419.0,64996.0,12321.0,0.0,0.0
831,West Virginia,2019,18760024.0,19217314.0,69944.0,35929.0,2379387.0,602333.0,57776.0,11914.0,1407.0,0.0
832,West Virginia,2020,20317106.0,20247090.0,67758.0,34016.0,2939590.0,611397.0,64686.0,11760.0,0.0,0.0
833,Wisconsin,2004,42477302.0,48807424.0,203945.0,99728.0,4528405.0,1376225.0,297808.0,56076.0,13496.0,8531.0
834,Wisconsin,2005,43146484.0,48235097.0,234675.0,102704.0,4770628.0,1413201.0,312267.0,60336.0,6559.0,5532.0
835,Wisconsin,2006,45311450.0,47958813.0,163639.0,110749.0,5216646.0,1455001.0,293172.0,63357.0,9785.0,7899.0
836,Wisconsin,2007,46819475.0,56071375.0,172209.0,118790.0,5042067.0,1535538.0,304691.0,68821.0,17131.0,8231.0
837,Wisconsin,2008,49302771.0,41507003.0,199251.0,122881.0,5526568.0,1596321.0,307172.0,73702.0,7509.0,8816.0
838,Wisconsin,2009,52790390.0,23264731.0,215023.0,138271.0,5600703.0,1636924.0,327273.0,81238.0,14788.0,9242.0
839,Wisconsin,2010,55838979.0,66290788.0,252060.0,146632.0,5826195.0,1652300.0,372840.0,81120.0,17758.0,10077.0
840,Wisconsin,2011,56892801.0,62969064.0,277079.0,152427.0,5987200.0,1679052.0,383092.0,83160.0,20832.0,10858.0
841,Wisconsin,2012,55630720.0,50993281.0,283179.0,140170.0,6169136.0,1671772.0,386754.0,84211.0,10456.0,9643.0
842,Wisconsin,2013,55498470.0,63879235.0,265648.0,137221.0,6230612.0,1641804.0,366200.0,78809.0,9093.0,10052.0
843,Wisconsin,2014,58217227.0,64739352.0,247573.0,140886.0,6449030.0,1694311.0,334348.0,78305.0,9665.0,10171.0
844,Wisconsin,2015,59174093.0,58953454.0,351668.0,144375.0,6613744.0,1719899.0,389663.0,77555.0,6631.0,9078.0
845,Wisconsin,2016,59452835.0,53990652.0,293641.0,147333.0,5364107.0,1778885.0,373029.0,73603.0,12108.0,9386.0
846,Wisconsin,2017,62502369.0,64102944.0,316597.0,155639.0,9336765.0,1796822.0,386908.0,72938.0,23819.0,9842.0
847,Wisconsin,2018,62705356.0,73254416.0,324490.0,159321.0,7415028.0,1914111.0,383777.0,73350.0,18033.0,8592.0
848,Wisconsin,2019,64592383.0,55923144.0,297875.0,152185.0,7574962.0,1942283.0,363153.0,73395.0,21871.0,9770.0
849,Wisconsin,2020,67584371.0,84836036.0,323734.0,151580.0,7566997.0,2089590.0,389025.0,70142.0,31299.0,9052.0
850,Wyoming,2004,5076956.0,6327378.0,49926.0,14870.0,837272.0,137954.0,0.0,0.0,0.0,0.0
851,Wyoming,2005,5619395.0,7269200.0,54853.0,13650.0,825232.0,143055.0,2040.0,355.0,0.0,0.0
852,Wyoming,2006,5973697.0,8132891.0,43680.0,14331.0,912196.0,150972.0,2958.0,488.0,0.0,0.0
853,Wyoming,2007,0.0,,,15517.0,613.0,2032883.0,,,175324.0,1924.0
854,Wyoming,2008,7519707.0,9383548.0,48790.0,19833.0,1100734.0,160581.0,3556.0,679.0,0.0,0.0
855,Wyoming,2009,8363534.0,7491885.0,73446.0,20374.0,1179509.0,182725.0,4819.0,702.0,0.0,0.0
856,Wyoming,2010,8720469.0,10175886.0,112290.0,20913.0,1207672.0,168815.0,4217.0,589.0,0.0,0.0
857,Wyoming,2011,8670778.0,10253907.0,78421.0,20904.0,1084490.0,170997.0,4040.0,667.0,0.0,0.0
858,Wyoming,2012,9114357.0,10410084.0,82542.0,21855.0,1270182.0,160970.0,5063.0,683.0,0.0,0.0
859,Wyoming,2013,9144822.0,11333034.0,84700.0,17334.0,1143783.0,178484.0,1561.0,0.0,0.0,0.0
860,Wyoming,2014,9340569.0,11355931.0,84413.0,18893.0,1174325.0,204357.0,14822.0,722.0,0.0,0.0
861,Wyoming,2015,9918646.0,11242016.0,98077.0,19129.0,1271543.0,233338.0,11015.0,679.0,0.0,0.0
862,Wyoming,2016,10332003.0,9767243.0,118031.0,18580.0,1235977.0,224631.0,6717.0,730.0,0.0,0.0
863,Wyoming,2017,10362191.0,10365429.0,101854.0,24279.0,998903.0,214434.0,5706.0,740.0,0.0,0.0
864,Wyoming,2018,10141890.0,10905289.0,162314.0,25545.0,1010831.0,239953.0,5581.0,795.0,0.0,0.0
865,Wyoming,2019,10000106.0,9553355.0,122734.0,29091.0,1053945.0,253533.0,7308.0,857.0,0.0,0.0
866,Wyoming,2020,10387312.0,12485955.0,114491.0,34319.0,1207941.0,252398.0,7537.0,13.0,0.0,0.0
